customer_id,usage_month,model_version,monthly_api_volume,uptime,explainability_queries,explanations_actioned,rules_configured,retention_risk
CUST-001,2025-01-01,v3.0,16607769,0.99858,5695,50,5,low
CUST-001,2025-02-01,v3.0,16301608,0.99868,5765,75,1,low
CUST-001,2025-03-01,v3.0,21697831,0.99883,6176,106,19,low
CUST-001,2025-04-01,v3.0,20489618,0.9992,6046,91,9,low
CUST-001,2025-05-01,v3.1,17259824,0.99934,4882,62,21,low
CUST-001,2025-06-01,v3.1,20022620,0.99983,5428,88,8,low
CUST-001,2025-07-01,v3.1,21600788,0.99953,6874,67,16,low
CUST-001,2025-08-01,v3.1,16960534,0.99922,5168,92,19,low
CUST-001,2025-09-01,v3.2,22964282,0.98413,7055,98,2,high
CUST-001,2025-10-01,v3.2,20413367,0.99064,7192,142,10,high
CUST-001,2025-11-01,v3.2,21960964,0.98932,5722,41,11,high
CUST-001,2025-12-01,v3.2,22313256,0.98341,7206,43,3,high
CUST-002,2025-01-01,v3.0,16137041,0.99892,4248,72,16,low
CUST-002,2025-02-01,v3.0,15988054,0.99918,5736,107,21,low
CUST-002,2025-03-01,v3.0,16477980,0.99914,4481,80,21,low
CUST-002,2025-04-01,v3.0,17912567,0.99911,6534,91,5,low
CUST-002,2025-05-01,v3.1,22021282,0.99991,6057,102,6,low
CUST-002,2025-06-01,v3.1,19706034,0.99896,7425,109,20,low
CUST-002,2025-07-01,v3.1,18962658,0.99946,6354,121,7,low
CUST-002,2025-08-01,v3.1,23074141,0.99882,7489,114,5,low
CUST-002,2025-09-01,v3.2,17110150,0.99944,5331,92,1,low
CUST-002,2025-10-01,v3.2,20035285,0.99962,7159,67,11,low
CUST-002,2025-11-01,v3.2,19916812,0.99916,7097,70,11,low
CUST-002,2025-12-01,v3.2,22180915,0.99973,7846,157,14,low
CUST-003,2025-01-01,v3.0,20818515,0.99972,7592,84,3,low
CUST-003,2025-02-01,v3.0,20267667,0.9989,5234,39,19,low
CUST-003,2025-03-01,v3.0,15476674,0.99867,4190,76,8,low
CUST-003,2025-04-01,v3.0,16979402,0.9997,4823,32,14,low
CUST-003,2025-05-01,v3.1,19714403,0.99898,6981,129,6,low
CUST-003,2025-06-01,v3.1,22373132,0.99939,6354,87,11,low
CUST-003,2025-07-01,v3.1,21468734,0.99929,6076,108,9,low
CUST-003,2025-08-01,v3.1,22698468,0.99217,6318,38,23,medium
CUST-003,2025-09-01,v3.2,22175397,0.99263,8104,56,7,medium
CUST-003,2025-10-01,v3.2,18077464,0.99309,5982,40,8,medium
CUST-003,2025-11-01,v3.2,17695967,0.99309,5419,81,17,medium
CUST-003,2025-12-01,v3.2,20260178,0.99592,7029,120,16,medium
CUST-004,2025-01-01,v3.0,19552353,0.99906,5604,67,14,low
CUST-004,2025-02-01,v3.0,18575358,0.99866,5476,73,16,low
CUST-004,2025-03-01,v3.0,15713429,0.99865,5116,58,19,low
CUST-004,2025-04-01,v3.0,19988015,0.99921,6366,116,7,low
CUST-004,2025-05-01,v3.1,21852678,0.99994,5626,78,10,low
CUST-004,2025-06-01,v3.1,22941930,0.99944,6064,65,22,low
CUST-004,2025-07-01,v3.1,19591671,0.99942,7006,136,2,low
CUST-004,2025-08-01,v3.1,21687510,0.99938,5909,58,21,low
CUST-004,2025-09-01,v3.2,21304891,0.99879,5874,87,8,low
CUST-004,2025-10-01,v3.2,23634040,0.9985,6285,124,3,low
CUST-004,2025-11-01,v3.2,24439569,0.99952,6678,104,16,low
CUST-004,2025-12-01,v3.2,21810893,0.99914,7880,101,3,low
CUST-005,2025-01-01,v3.0,14947408,0.9998,5720,56,6,low
CUST-005,2025-02-01,v3.0,15095868,0.99945,5185,63,10,low
CUST-005,2025-03-01,v3.0,15998994,0.99879,5679,50,4,low
CUST-005,2025-04-01,v3.0,19902679,0.99859,5247,101,15,low
CUST-005,2025-05-01,v3.1,21984539,0.99987,5911,113,22,low
CUST-005,2025-06-01,v3.1,22083606,0.99884,7616,124,20,low
CUST-005,2025-07-01,v3.1,18361187,0.99877,6295,84,5,low
CUST-005,2025-08-01,v3.1,20896799,0.99919,5959,36,5,low
CUST-005,2025-09-01,v3.2,22802592,0.99907,8405,138,12,low
CUST-005,2025-10-01,v3.2,20765994,0.99959,7319,160,13,low
CUST-005,2025-11-01,v3.2,17960829,0.99904,5914,40,9,low
CUST-005,2025-12-01,v3.2,18556650,0.99917,6931,56,4,low
CUST-006,2025-01-01,v3.0,17015676,0.99906,5386,111,20,low
CUST-006,2025-02-01,v3.0,16708032,0.99851,5512,51,21,low
CUST-006,2025-03-01,v3.0,20921572,0.99919,7763,90,15,low
CUST-006,2025-04-01,v3.0,15863415,0.99964,4230,75,22,low
CUST-006,2025-05-01,v3.1,15864336,0.99897,5150,72,2,low
CUST-006,2025-06-01,v3.1,21784377,0.99884,6406,65,14,low
CUST-006,2025-07-01,v3.1,19256809,0.99918,6967,150,1,low
CUST-006,2025-08-01,v3.1,21855939,0.99994,7681,94,18,low
CUST-006,2025-09-01,v3.2,22951186,0.99893,6183,116,22,low
CUST-006,2025-10-01,v3.2,19777403,0.99918,6613,111,15,low
CUST-006,2025-11-01,v3.2,20036906,0.99995,7195,64,7,low
CUST-006,2025-12-01,v3.2,23995615,0.99898,7185,148,5,low
CUST-007,2025-01-01,v3.0,17115635,0.99915,5030,35,21,low
CUST-007,2025-02-01,v3.0,15117637,0.99917,3941,66,5,low
CUST-007,2025-03-01,v3.0,20382832,0.99981,6118,122,20,low
CUST-007,2025-04-01,v3.0,18911289,0.99965,5315,110,20,low
CUST-007,2025-05-01,v3.1,19353001,0.99953,7140,137,20,low
CUST-007,2025-06-01,v3.1,21304911,0.99929,7864,103,6,low
CUST-007,2025-07-01,v3.1,22732801,0.99894,6561,82,14,low
CUST-007,2025-08-01,v3.1,17206917,0.99908,5058,66,20,low
CUST-007,2025-09-01,v3.2,20576928,0.99928,5791,88,14,low
CUST-007,2025-10-01,v3.2,23044299,0.99988,5946,122,10,low
CUST-007,2025-11-01,v3.2,22462616,0.99901,6422,68,7,low
CUST-007,2025-12-01,v3.2,19811796,0.99863,6230,124,9,low
CUST-008,2025-01-01,v3.0,17739576,0.99976,5718,42,23,low
CUST-008,2025-02-01,v3.0,19049480,0.99949,6745,82,2,low
CUST-008,2025-03-01,v3.0,15596934,0.99872,4904,93,7,low
CUST-008,2025-04-01,v3.0,20762586,0.99981,6841,50,3,low
CUST-008,2025-05-01,v3.1,16154103,0.99979,4609,50,6,low
CUST-008,2025-06-01,v3.1,18980150,0.99865,6633,126,17,low
CUST-008,2025-07-01,v3.1,18336843,0.99977,6368,74,23,low
CUST-008,2025-08-01,v3.1,17718108,0.99969,4833,41,6,low
CUST-008,2025-09-01,v3.2,22232454,0.99972,7862,108,1,low
CUST-008,2025-10-01,v3.2,19838523,0.9999,6726,137,9,low
CUST-008,2025-11-01,v3.2,18823116,0.99894,5374,81,9,low
CUST-008,2025-12-01,v3.2,20227107,0.99916,7589,47,5,low
CUST-009,2025-01-01,v3.0,5929778,0.99988,2048,14,10,low
CUST-009,2025-02-01,v3.0,4820826,0.99855,1420,14,5,low
CUST-009,2025-03-01,v3.0,6108826,0.99951,1745,22,8,low
CUST-009,2025-04-01,v3.0,5989596,0.9991,2285,44,21,low
CUST-009,2025-05-01,v3.1,6924085,0.99991,2265,38,22,low
CUST-009,2025-06-01,v3.1,4976145,0.9993,1791,17,12,low
CUST-009,2025-07-01,v3.1,6401101,0.99898,1650,19,21,low
CUST-009,2025-08-01,v3.1,6336988,0.99908,2199,18,15,low
CUST-009,2025-09-01,v3.2,6161966,0.99958,2336,20,18,low
CUST-009,2025-10-01,v3.2,7212897,0.9985,2352,51,1,low
CUST-009,2025-11-01,v3.2,5622836,0.99951,1988,31,5,low
CUST-009,2025-12-01,v3.2,6315038,0.99912,2318,31,8,low
CUST-010,2025-01-01,v3.0,4779291,0.99857,1354,15,12,low
CUST-010,2025-02-01,v3.0,4750690,0.9988,1541,10,6,low
CUST-010,2025-03-01,v3.0,5706117,0.9988,1509,24,9,low
CUST-010,2025-04-01,v3.0,6326322,0.99916,1906,17,12,low
CUST-010,2025-05-01,v3.1,5017069,0.99885,1687,34,5,low
CUST-010,2025-06-01,v3.1,6461376,0.99994,2368,45,1,low
CUST-010,2025-07-01,v3.1,5073309,0.99951,1323,17,2,low
CUST-010,2025-08-01,v3.1,6930852,0.9996,2089,32,19,low
CUST-010,2025-09-01,v3.2,5963157,0.99987,1700,28,22,low
CUST-010,2025-10-01,v3.2,7330264,0.99968,2598,36,1,low
CUST-010,2025-11-01,v3.2,5928160,0.99987,1663,36,6,low
CUST-010,2025-12-01,v3.2,6799045,0.99927,2372,17,13,low
CUST-011,2025-01-01,v3.0,4842547,0.99893,1654,23,12,low
CUST-011,2025-02-01,v3.0,4982592,0.99941,1696,23,13,low
CUST-011,2025-03-01,v3.0,5855647,0.99903,1812,26,11,low
CUST-011,2025-04-01,v3.0,5930459,0.99973,1575,31,10,low
CUST-011,2025-05-01,v3.1,5020573,0.99962,1455,16,9,low
CUST-011,2025-06-01,v3.1,5261307,0.99982,1357,19,22,low
CUST-011,2025-07-01,v3.1,6902554,0.99966,2434,31,21,low
CUST-011,2025-08-01,v3.1,5438933,0.99956,1991,14,9,low
CUST-011,2025-09-01,v3.2,5767662,0.99905,1998,39,5,low
CUST-011,2025-10-01,v3.2,6061201,0.99852,1886,12,5,low
CUST-011,2025-11-01,v3.2,6079064,0.99855,2089,23,24,low
CUST-011,2025-12-01,v3.2,5855551,0.99942,1742,31,3,low
CUST-012,2025-01-01,v3.0,6318948,0.99925,1740,38,16,low
CUST-012,2025-02-01,v3.0,6121920,0.99875,1734,35,8,low
CUST-012,2025-03-01,v3.0,6057191,0.99921,1694,37,17,low
CUST-012,2025-04-01,v3.0,6796762,0.99858,2592,24,10,low
CUST-012,2025-05-01,v3.1,5317526,0.99957,1762,11,24,low
CUST-012,2025-06-01,v3.1,6422339,0.99859,1763,38,5,low
CUST-012,2025-07-01,v3.1,5601030,0.99975,1633,24,11,low
CUST-012,2025-08-01,v3.1,5530744,0.99976,1559,23,7,low
CUST-012,2025-09-01,v3.2,6672166,0.99869,2193,45,9,low
CUST-012,2025-10-01,v3.2,7347139,0.99981,1980,36,18,low
CUST-012,2025-11-01,v3.2,6513921,0.99967,1725,33,2,low
CUST-012,2025-12-01,v3.2,7627265,0.99921,2075,19,6,low
CUST-013,2025-01-01,v3.0,6485010,0.99864,2111,29,16,low
CUST-013,2025-02-01,v3.0,6457551,0.99941,1937,38,18,low
CUST-013,2025-03-01,v3.0,4842456,0.99854,1777,19,8,low
CUST-013,2025-04-01,v3.0,5254360,0.99882,1802,30,2,low
CUST-013,2025-05-01,v3.1,6081271,0.99917,2056,41,22,low
CUST-013,2025-06-01,v3.1,6528591,0.99898,2027,22,14,low
CUST-013,2025-07-01,v3.1,7145094,0.99985,2420,24,15,low
CUST-013,2025-08-01,v3.1,6852387,0.99969,2201,24,12,low
CUST-013,2025-09-01,v3.2,5274694,0.99868,1403,15,5,low
CUST-013,2025-10-01,v3.2,6734313,0.99932,1965,43,1,low
CUST-013,2025-11-01,v3.2,6961081,0.99988,2642,47,13,low
CUST-013,2025-12-01,v3.2,6681133,0.99854,2115,28,16,low
CUST-014,2025-01-01,v3.0,5714880,0.99934,1510,14,12,low
CUST-014,2025-02-01,v3.0,6506240,0.99855,1690,19,15,low
CUST-014,2025-03-01,v3.0,6691941,0.99899,1803,35,1,low
CUST-014,2025-04-01,v3.0,5983161,0.99973,1651,33,24,low
CUST-014,2025-05-01,v3.1,6512817,0.99909,2164,13,15,low
CUST-014,2025-06-01,v3.1,6493698,0.9996,2248,29,2,low
CUST-014,2025-07-01,v3.1,5998035,0.99875,1601,17,23,low
CUST-014,2025-08-01,v3.1,6626630,0.99863,2008,22,3,low
CUST-014,2025-09-01,v3.2,6804473,0.99995,1829,39,13,low
CUST-014,2025-10-01,v3.2,7367920,0.99917,2143,40,22,low
CUST-014,2025-11-01,v3.2,7240247,0.99872,2601,54,11,low
CUST-014,2025-12-01,v3.2,7518345,0.99868,2238,45,10,low
CUST-015,2025-01-01,v3.0,4584891,0.99894,1402,11,18,low
CUST-015,2025-02-01,v3.0,6062269,0.99878,2189,37,20,low
CUST-015,2025-03-01,v3.0,5063737,0.99968,1410,14,17,low
CUST-015,2025-04-01,v3.0,6780409,0.99945,2374,19,2,low
CUST-015,2025-05-01,v3.1,5258376,0.99912,1487,13,13,low
CUST-015,2025-06-01,v3.1,6944245,0.99898,2419,22,19,low
CUST-015,2025-07-01,v3.1,5241604,0.99859,1578,32,22,low
CUST-015,2025-08-01,v3.1,5681993,0.99886,1616,33,23,low
CUST-015,2025-09-01,v3.2,6909753,0.99851,1953,41,21,low
CUST-015,2025-10-01,v3.2,6724152,0.99943,2107,37,13,low
CUST-015,2025-11-01,v3.2,6842626,0.99967,2352,33,19,low
CUST-015,2025-12-01,v3.2,5887317,0.99886,1743,28,12,low
CUST-016,2025-01-01,v3.0,4938295,0.99891,1810,13,22,low
CUST-016,2025-02-01,v3.0,6431047,0.99912,2225,46,10,low
CUST-016,2025-03-01,v3.0,5698806,0.99918,1566,31,8,low
CUST-016,2025-04-01,v3.0,5668855,0.99923,1621,24,14,low
CUST-016,2025-05-01,v3.1,5613912,0.99995,1582,18,8,low
CUST-016,2025-06-01,v3.1,6987638,0.9996,1907,24,9,low
CUST-016,2025-07-01,v3.1,5553436,0.99892,1875,12,2,low
CUST-016,2025-08-01,v3.1,7096188,0.99856,2270,22,20,low
CUST-016,2025-09-01,v3.2,5519401,0.99883,1772,21,15,low
CUST-016,2025-10-01,v3.2,6120073,0.9993,1627,21,13,low
CUST-016,2025-11-01,v3.2,6035344,0.99954,1766,28,1,low
CUST-016,2025-12-01,v3.2,7027986,0.99877,1984,19,17,low
CUST-017,2025-01-01,v3.0,6023207,0.99892,1966,32,13,low
CUST-017,2025-02-01,v3.0,4801660,0.9997,1241,8,7,low
CUST-017,2025-03-01,v3.0,6709451,0.99989,1841,36,10,low
CUST-017,2025-04-01,v3.0,5722249,0.99892,1992,31,15,low
CUST-017,2025-05-01,v3.1,5090483,0.99859,1675,28,23,low
CUST-017,2025-06-01,v3.1,6192866,0.99966,1804,38,12,low
CUST-017,2025-07-01,v3.1,5894114,0.99924,2264,26,10,low
CUST-017,2025-08-01,v3.1,6703274,0.99867,2326,30,13,low
CUST-017,2025-09-01,v3.2,6695988,0.9999,2094,40,2,low
CUST-017,2025-10-01,v3.2,6254296,0.99934,1653,36,24,low
CUST-017,2025-11-01,v3.2,6035393,0.9998,1692,36,14,low
CUST-017,2025-12-01,v3.2,6515844,0.99865,2279,40,2,low
CUST-018,2025-01-01,v3.0,5011907,0.99915,1880,34,4,low
CUST-018,2025-02-01,v3.0,5153192,0.99985,1795,14,19,low
CUST-018,2025-03-01,v3.0,6170527,0.99894,2143,40,4,low
CUST-018,2025-04-01,v3.0,5622440,0.99897,1545,29,13,low
CUST-018,2025-05-01,v3.1,5739844,0.99911,1551,19,9,low
CUST-018,2025-06-01,v3.1,6130950,0.99945,1827,27,2,low
CUST-018,2025-07-01,v3.1,6802912,0.99981,2455,51,19,low
CUST-018,2025-08-01,v3.1,6860998,0.99899,2077,17,23,low
CUST-018,2025-09-01,v3.2,5349530,0.99959,1753,14,19,low
CUST-018,2025-10-01,v3.2,6118906,0.99983,1705,17,5,low
CUST-018,2025-11-01,v3.2,6794528,0.99907,1800,23,6,low
CUST-018,2025-12-01,v3.2,6033733,0.99972,2006,13,18,low
CUST-019,2025-01-01,v3.0,5769430,0.99914,1949,35,12,low
CUST-019,2025-02-01,v3.0,6194870,0.99869,2096,33,9,low
CUST-019,2025-03-01,v3.0,4937638,0.99975,1553,28,24,low
CUST-019,2025-04-01,v3.0,6055916,0.99994,2230,32,2,low
CUST-019,2025-05-01,v3.1,5311731,0.99886,1402,20,7,low
CUST-019,2025-06-01,v3.1,5364831,0.99943,1590,30,13,low
CUST-019,2025-07-01,v3.1,6440833,0.99977,2025,20,11,low
CUST-019,2025-08-01,v3.1,5998145,0.99875,1623,21,12,low
CUST-019,2025-09-01,v3.2,7163612,0.99964,2094,20,9,low
CUST-019,2025-10-01,v3.2,5601583,0.9993,2118,35,23,low
CUST-019,2025-11-01,v3.2,5513736,0.99943,1948,25,24,low
CUST-019,2025-12-01,v3.2,5893783,0.99952,1843,27,15,low
CUST-020,2025-01-01,v3.0,6484846,0.99876,2133,41,15,low
CUST-020,2025-02-01,v3.0,5147664,0.99869,1527,29,15,low
CUST-020,2025-03-01,v3.0,4849603,0.99962,1315,18,4,low
CUST-020,2025-04-01,v3.0,5154836,0.99945,1696,30,14,low
CUST-020,2025-05-01,v3.1,5045735,0.99988,1325,11,21,low
CUST-020,2025-06-01,v3.1,6111725,0.99926,1605,23,3,low
CUST-020,2025-07-01,v3.1,5847745,0.99873,1621,22,4,low
CUST-020,2025-08-01,v3.1,7307555,0.99968,2485,22,17,low
CUST-020,2025-09-01,v3.2,5604121,0.99921,1868,29,3,low
CUST-020,2025-10-01,v3.2,7366404,0.99975,2822,20,8,low
CUST-020,2025-11-01,v3.2,5378161,0.99912,1609,13,13,low
CUST-020,2025-12-01,v3.2,6004325,0.99872,2151,40,8,low
CUST-021,2025-01-01,v3.0,7462018,0.99891,2059,23,16,low
CUST-021,2025-02-01,v3.0,6479982,0.99913,1960,27,3,low
CUST-021,2025-03-01,v3.0,7331415,0.99901,2382,46,23,low
CUST-021,2025-04-01,v3.0,6278239,0.99853,1842,12,5,low
CUST-021,2025-05-01,v3.1,8748852,0.99933,2653,52,14,low
CUST-021,2025-06-01,v3.1,8380194,0.99859,2430,39,13,low
CUST-021,2025-07-01,v3.1,8023388,0.99924,2795,57,8,low
CUST-021,2025-08-01,v3.1,7604105,0.99874,2219,31,2,low
CUST-021,2025-09-01,v3.2,6670044,0.99877,2033,43,6,low
CUST-021,2025-10-01,v3.2,7890224,0.9996,2213,16,11,low
CUST-021,2025-11-01,v3.2,8477567,0.99872,2378,46,17,low
CUST-021,2025-12-01,v3.2,9617481,0.99853,2648,40,18,low
CUST-022,2025-01-01,v3.0,6969460,0.99968,2582,32,1,low
CUST-022,2025-02-01,v3.0,8341450,0.99886,2198,35,9,low
CUST-022,2025-03-01,v3.0,8433351,0.9989,2351,18,16,low
CUST-022,2025-04-01,v3.0,7514775,0.99885,2357,50,11,low
CUST-022,2025-05-01,v3.1,8759007,0.99937,2380,52,17,low
CUST-022,2025-06-01,v3.1,7944534,0.99929,2056,32,19,low
CUST-022,2025-07-01,v3.1,8307519,0.99893,2132,42,9,low
CUST-022,2025-08-01,v3.1,6499311,0.9996,2019,25,8,low
CUST-022,2025-09-01,v3.2,7509307,0.9995,2039,24,14,low
CUST-022,2025-10-01,v3.2,8157489,0.99856,2730,17,21,low
CUST-022,2025-11-01,v3.2,8802588,0.99964,3142,44,16,low
CUST-022,2025-12-01,v3.2,7702576,0.9986,2582,46,4,low
CUST-023,2025-01-01,v3.0,6886871,0.99966,2468,19,15,low
CUST-023,2025-02-01,v3.0,6515290,0.99929,1984,17,12,low
CUST-023,2025-03-01,v3.0,6089472,0.99877,1970,37,6,low
CUST-023,2025-04-01,v3.0,7784171,0.999,2922,20,7,low
CUST-023,2025-05-01,v3.1,6821910,0.99887,2155,17,13,low
CUST-023,2025-06-01,v3.1,8290668,0.9995,2225,32,14,low
CUST-023,2025-07-01,v3.1,6491907,0.99919,1903,18,23,low
CUST-023,2025-08-01,v3.1,6767967,0.99923,2139,45,23,low
CUST-023,2025-09-01,v3.2,7715602,0.9991,2090,19,4,low
CUST-023,2025-10-01,v3.2,8286042,0.99854,2918,57,10,low
CUST-023,2025-11-01,v3.2,7845652,0.99888,2523,22,21,low
CUST-023,2025-12-01,v3.2,8701864,0.9987,2662,26,23,low
CUST-024,2025-01-01,v3.0,5863571,0.99964,1673,26,2,low
CUST-024,2025-02-01,v3.0,7773432,0.99975,2337,31,24,low
CUST-024,2025-03-01,v3.0,6496390,0.99919,2187,24,6,low
CUST-024,2025-04-01,v3.0,7453816,0.99941,2030,18,10,low
CUST-024,2025-05-01,v3.1,8050755,0.99859,2570,21,16,low
CUST-024,2025-06-01,v3.1,7554394,0.99887,2417,19,21,low
CUST-024,2025-07-01,v3.1,7286447,0.99873,2746,30,8,low
CUST-024,2025-08-01,v3.1,9299102,0.99914,2469,33,5,low
CUST-024,2025-09-01,v3.2,8054556,0.99874,2115,29,18,low
CUST-024,2025-10-01,v3.2,9131683,0.99993,2562,35,8,low
CUST-024,2025-11-01,v3.2,9599338,0.99965,3043,26,2,low
CUST-024,2025-12-01,v3.2,9640166,0.99882,3001,40,11,low
CUST-025,2025-01-01,v3.0,6174397,0.99902,1692,25,5,low
CUST-025,2025-02-01,v3.0,6259896,0.9992,2112,30,16,low
CUST-025,2025-03-01,v3.0,6042448,0.99931,1564,16,13,low
CUST-025,2025-04-01,v3.0,6348094,0.99872,1638,15,19,low
CUST-025,2025-05-01,v3.1,6816309,0.99949,1832,18,12,low
CUST-025,2025-06-01,v3.1,7539862,0.9998,2287,27,15,low
CUST-025,2025-07-01,v3.1,6640504,0.99921,1725,32,21,low
CUST-025,2025-08-01,v3.1,7253699,0.9986,2059,44,22,low
CUST-025,2025-09-01,v3.2,8171662,0.9986,2114,46,16,low
CUST-025,2025-10-01,v3.2,7149802,0.9999,2574,45,4,low
CUST-025,2025-11-01,v3.2,7808849,0.99962,2906,37,16,low
CUST-025,2025-12-01,v3.2,9295927,0.99941,3565,72,21,low
CUST-026,2025-01-01,v3.0,7669387,0.99923,2596,30,23,low
CUST-026,2025-02-01,v3.0,6406157,0.99983,2443,53,14,low
CUST-026,2025-03-01,v3.0,7710677,0.99874,2191,34,21,low
CUST-026,2025-04-01,v3.0,6104491,0.99967,1830,29,15,low
CUST-026,2025-05-01,v3.1,6252411,0.99907,2007,21,12,low
CUST-026,2025-06-01,v3.1,7679485,0.99938,2204,25,11,low
CUST-026,2025-07-01,v3.1,8773642,0.99887,2416,46,18,low
CUST-026,2025-08-01,v3.1,7893318,0.99932,2180,14,17,low
CUST-026,2025-09-01,v3.2,8041357,0.9989,2940,40,1,low
CUST-026,2025-10-01,v3.2,7646648,0.99962,2766,43,10,low
CUST-026,2025-11-01,v3.2,8187686,0.99856,2802,22,13,low
CUST-026,2025-12-01,v3.2,7701498,0.99894,2087,18,6,low
CUST-027,2025-01-01,v3.0,7261266,0.99866,1908,21,16,low
CUST-027,2025-02-01,v3.0,7355497,0.99871,1941,27,10,low
CUST-027,2025-03-01,v3.0,6551897,0.99951,1733,32,5,low
CUST-027,2025-04-01,v3.0,6746298,0.99979,2401,20,13,low
CUST-027,2025-05-01,v3.1,8774541,0.99853,2251,39,16,low
CUST-027,2025-06-01,v3.1,6592638,0.99963,1800,34,17,low
CUST-027,2025-07-01,v3.1,7467728,0.99905,2349,41,10,low
CUST-027,2025-08-01,v3.1,7017921,0.99531,2052,31,16,medium
CUST-027,2025-09-01,v3.2,7962305,0.99128,2972,30,20,medium
CUST-027,2025-10-01,v3.2,8878519,0.99112,2916,29,20,medium
CUST-027,2025-11-01,v3.2,8176589,0.994,2198,39,9,medium
CUST-027,2025-12-01,v3.2,9137068,0.99211,2726,59,16,medium
CUST-028,2025-01-01,v3.0,7582676,0.99853,1995,24,24,low
CUST-028,2025-02-01,v3.0,7816494,0.99872,2598,29,13,low
CUST-028,2025-03-01,v3.0,6909939,0.99859,2114,18,14,low
CUST-028,2025-04-01,v3.0,7537567,0.99888,2674,33,14,low
CUST-028,2025-05-01,v3.1,6809242,0.99931,1825,40,11,low
CUST-028,2025-06-01,v3.1,7399051,0.99902,2061,15,16,low
CUST-028,2025-07-01,v3.1,7756221,0.99911,2267,38,6,low
CUST-028,2025-08-01,v3.1,6768138,0.9987,2150,23,23,low
CUST-028,2025-09-01,v3.2,7834131,0.99895,2023,15,5,low
CUST-028,2025-10-01,v3.2,6961826,0.99886,1892,17,16,low
CUST-028,2025-11-01,v3.2,8977170,0.99872,2653,32,18,low
CUST-028,2025-12-01,v3.2,7520263,0.99926,1974,23,5,low
CUST-029,2025-01-01,v3.0,6538917,0.99893,1904,33,6,low
CUST-029,2025-02-01,v3.0,8179662,0.99876,2122,14,18,low
CUST-029,2025-03-01,v3.0,7857123,0.99872,2547,27,7,low
CUST-029,2025-04-01,v3.0,6071410,0.99899,2259,38,20,low
CUST-029,2025-05-01,v3.1,7339679,0.99885,2371,32,14,low
CUST-029,2025-06-01,v3.1,8453390,0.99913,2450,49,14,low
CUST-029,2025-07-01,v3.1,7158855,0.99924,2254,30,23,low
CUST-029,2025-08-01,v3.1,6935211,0.99896,2252,33,19,low
CUST-029,2025-09-01,v3.2,8092376,0.99956,2614,40,18,low
CUST-029,2025-10-01,v3.2,7008877,0.99982,2004,24,5,low
CUST-029,2025-11-01,v3.2,8194392,0.99893,2806,52,22,low
CUST-029,2025-12-01,v3.2,6906455,0.99931,2653,28,12,low
CUST-030,2025-01-01,v3.0,7439551,0.99923,2011,40,23,low
CUST-030,2025-02-01,v3.0,6342314,0.99932,1891,38,4,low
CUST-030,2025-03-01,v3.0,7610325,0.99865,1970,12,3,low
CUST-030,2025-04-01,v3.0,7985937,0.99891,2803,52,19,low
CUST-030,2025-05-01,v3.1,7233130,0.99921,2290,29,20,low
CUST-030,2025-06-01,v3.1,8168641,0.99885,2958,35,11,low
CUST-030,2025-07-01,v3.1,8021696,0.99978,2831,35,23,low
CUST-030,2025-08-01,v3.1,8095840,0.99916,2285,31,19,low
CUST-030,2025-09-01,v3.2,8406188,0.99889,3048,39,2,low
CUST-030,2025-10-01,v3.2,7753336,0.99975,2652,46,7,low
CUST-030,2025-11-01,v3.2,8292786,0.99974,2863,27,7,low
CUST-030,2025-12-01,v3.2,8630369,0.99888,2236,31,23,low
CUST-031,2025-01-01,v3.0,8235010,0.99867,2814,60,2,low
CUST-031,2025-02-01,v3.0,7459799,0.99983,2792,28,5,low
CUST-031,2025-03-01,v3.0,6761344,0.99928,2210,40,10,low
CUST-031,2025-04-01,v3.0,8485709,0.99875,2692,52,3,low
CUST-031,2025-05-01,v3.1,6262618,0.99934,1649,19,9,low
CUST-031,2025-06-01,v3.1,6422500,0.9999,1836,40,1,low
CUST-031,2025-07-01,v3.1,9036580,0.99951,2870,59,24,low
CUST-031,2025-08-01,v3.1,6601774,0.99912,1995,21,20,low
CUST-031,2025-09-01,v3.2,6680473,0.9985,2327,27,22,low
CUST-031,2025-10-01,v3.2,8099061,0.99949,2671,56,21,low
CUST-031,2025-11-01,v3.2,7445723,0.99876,2708,32,10,low
CUST-031,2025-12-01,v3.2,8307315,0.99963,2272,48,11,low
CUST-032,2025-01-01,v3.0,7031083,0.99865,2580,16,4,low
CUST-032,2025-02-01,v3.0,6308296,0.99941,2153,30,9,low
CUST-032,2025-03-01,v3.0,8527037,0.99884,2976,40,17,low
CUST-032,2025-04-01,v3.0,6136845,0.99907,2129,43,14,low
CUST-032,2025-05-01,v3.1,8270687,0.99884,2371,47,5,low
CUST-032,2025-06-01,v3.1,6643627,0.99977,2238,28,15,low
CUST-032,2025-07-01,v3.1,8323851,0.99861,2490,19,3,low
CUST-032,2025-08-01,v3.1,6552773,0.99883,2427,25,14,low
CUST-032,2025-09-01,v3.2,9249478,0.99867,2541,35,18,low
CUST-032,2025-10-01,v3.2,8301371,0.99982,2678,24,20,low
CUST-032,2025-11-01,v3.2,9730059,0.99968,3140,46,4,low
CUST-032,2025-12-01,v3.2,8356311,0.99939,2329,29,2,low
CUST-033,2025-01-01,v3.0,1899408,0.99927,628,9,1,low
CUST-033,2025-02-01,v3.0,1877052,0.9993,494,8,12,low
CUST-033,2025-03-01,v3.0,2391385,0.99988,738,13,6,low
CUST-033,2025-04-01,v3.0,1857441,0.99955,581,6,22,low
CUST-033,2025-05-01,v3.1,2386095,0.99956,687,9,20,low
CUST-033,2025-06-01,v3.1,1789728,0.99919,578,9,2,low
CUST-033,2025-07-01,v3.1,2214525,0.99942,836,14,9,low
CUST-033,2025-08-01,v3.1,2593884,0.9994,669,11,23,low
CUST-033,2025-09-01,v3.2,2669091,0.9986,944,9,3,low
CUST-033,2025-10-01,v3.2,2073391,0.99958,786,15,8,low
CUST-033,2025-11-01,v3.2,2717055,0.9988,861,6,11,low
CUST-033,2025-12-01,v3.2,2586153,0.99891,875,16,19,low
CUST-034,2025-01-01,v3.0,1694519,0.99886,595,5,3,low
CUST-034,2025-02-01,v3.0,2286250,0.99968,716,7,22,low
CUST-034,2025-03-01,v3.0,1724626,0.99859,494,7,24,low
CUST-034,2025-04-01,v3.0,2385953,0.99877,709,5,18,low
CUST-034,2025-05-01,v3.1,2261093,0.9997,718,8,24,low
CUST-034,2025-06-01,v3.1,2480789,0.99859,698,5,1,low
CUST-034,2025-07-01,v3.1,2049647,0.99892,730,7,23,low
CUST-034,2025-08-01,v3.1,2656770,0.99869,810,16,5,low
CUST-034,2025-09-01,v3.2,2543966,0.99994,704,8,14,low
CUST-034,2025-10-01,v3.2,2438062,0.99991,649,9,3,low
CUST-034,2025-11-01,v3.2,2495708,0.99922,750,10,7,low
CUST-034,2025-12-01,v3.2,2268925,0.99868,689,14,17,low
CUST-035,2025-01-01,v3.0,1990041,0.99919,665,5,6,low
CUST-035,2025-02-01,v3.0,1960122,0.99918,728,12,11,low
CUST-035,2025-03-01,v3.0,2016363,0.99976,617,5,9,low
CUST-035,2025-04-01,v3.0,2113294,0.99901,615,12,18,low
CUST-035,2025-05-01,v3.1,1779765,0.99984,487,5,4,low
CUST-035,2025-06-01,v3.1,2456998,0.99988,860,18,20,low
CUST-035,2025-07-01,v3.1,2195712,0.99985,804,6,15,low
CUST-035,2025-08-01,v3.1,1932271,0.99957,607,13,10,low
CUST-035,2025-09-01,v3.2,2577084,0.99944,778,8,20,low
CUST-035,2025-10-01,v3.2,2201847,0.99977,620,12,7,low
CUST-035,2025-11-01,v3.2,2076652,0.9992,657,9,18,low
CUST-035,2025-12-01,v3.2,2025061,0.99992,713,13,8,low
CUST-036,2025-01-01,v3.0,1895869,0.99863,606,11,21,low
CUST-036,2025-02-01,v3.0,1793653,0.99946,516,10,2,low
CUST-036,2025-03-01,v3.0,1853156,0.99895,634,5,8,low
CUST-036,2025-04-01,v3.0,2447177,0.99854,852,15,9,low
CUST-036,2025-05-01,v3.1,1813039,0.99991,554,6,8,low
CUST-036,2025-06-01,v3.1,2413709,0.99927,704,14,17,low
CUST-036,2025-07-01,v3.1,2294070,0.99989,678,13,14,low
CUST-036,2025-08-01,v3.1,2557982,0.99993,940,12,23,low
CUST-036,2025-09-01,v3.2,2186675,0.99958,707,11,22,low
CUST-036,2025-10-01,v3.2,1927962,0.9998,550,6,3,low
CUST-036,2025-11-01,v3.2,2139911,0.99898,581,11,8,low
CUST-036,2025-12-01,v3.2,2361978,0.99872,689,6,22,low
CUST-037,2025-01-01,v3.0,2182845,0.99898,579,9,22,low
CUST-037,2025-02-01,v3.0,1940024,0.99929,534,3,20,low
CUST-037,2025-03-01,v3.0,1866724,0.9996,485,8,6,low
CUST-037,2025-04-01,v3.0,2224294,0.99934,607,8,21,low
CUST-037,2025-05-01,v3.1,1816383,0.99885,497,10,3,low
CUST-037,2025-06-01,v3.1,1961933,0.99912,582,7,16,low
CUST-037,2025-07-01,v3.1,2562054,0.99941,722,14,7,low
CUST-037,2025-08-01,v3.1,2252871,0.99919,793,17,17,low
CUST-037,2025-09-01,v3.2,2076533,0.99858,617,5,20,low
CUST-037,2025-10-01,v3.2,2126075,0.99873,571,12,14,low
CUST-037,2025-11-01,v3.2,2397188,0.99865,615,8,15,low
CUST-037,2025-12-01,v3.2,2612514,0.9985,714,5,13,low
CUST-038,2025-01-01,v3.0,1791136,0.99861,560,8,11,low
CUST-038,2025-02-01,v3.0,2204094,0.99954,732,15,10,low
CUST-038,2025-03-01,v3.0,1988817,0.9998,562,11,18,low
CUST-038,2025-04-01,v3.0,2211053,0.99887,792,9,7,low
CUST-038,2025-05-01,v3.1,1964024,0.99888,661,12,1,low
CUST-038,2025-06-01,v3.1,2098141,0.99896,547,6,14,low
CUST-038,2025-07-01,v3.1,2040061,0.99896,699,10,24,low
CUST-038,2025-08-01,v3.1,2278351,0.99966,728,9,21,low
CUST-038,2025-09-01,v3.2,2643548,0.99939,804,14,3,low
CUST-038,2025-10-01,v3.2,2039726,0.9985,584,11,23,low
CUST-038,2025-11-01,v3.2,1984503,0.99867,529,4,3,low
CUST-038,2025-12-01,v3.2,2106334,0.99861,697,5,3,low
CUST-039,2025-01-01,v3.0,2068098,0.99925,610,13,24,low
CUST-039,2025-02-01,v3.0,2187889,0.99891,632,12,8,low
CUST-039,2025-03-01,v3.0,1706918,0.99976,655,10,14,low
CUST-039,2025-04-01,v3.0,1965332,0.99968,634,4,11,low
CUST-039,2025-05-01,v3.1,2389568,0.99943,763,14,7,low
CUST-039,2025-06-01,v3.1,2110317,0.99974,596,13,10,low
CUST-039,2025-07-01,v3.1,1831741,0.99971,703,13,3,low
CUST-039,2025-08-01,v3.1,2539204,0.99879,811,16,3,low
CUST-039,2025-09-01,v3.2,2001527,0.9992,744,12,11,low
CUST-039,2025-10-01,v3.2,2071734,0.99961,630,6,6,low
CUST-039,2025-11-01,v3.2,2647156,0.99897,986,17,21,low
CUST-039,2025-12-01,v3.2,2268428,0.99978,616,13,22,low
CUST-040,2025-01-01,v3.0,1835443,0.99992,560,8,6,low
CUST-040,2025-02-01,v3.0,2287523,0.99896,691,4,21,low
CUST-040,2025-03-01,v3.0,1855824,0.9987,542,7,14,low
CUST-040,2025-04-01,v3.0,1928366,0.9987,683,15,10,low
CUST-040,2025-05-01,v3.1,2477110,0.99867,929,14,13,low
CUST-040,2025-06-01,v3.1,2299815,0.99913,595,8,23,low
CUST-040,2025-07-01,v3.1,2312527,0.99973,770,6,21,low
CUST-040,2025-08-01,v3.1,2641533,0.99941,841,8,9,low
CUST-040,2025-09-01,v3.2,2393702,0.99967,731,8,17,low
CUST-040,2025-10-01,v3.2,2391141,0.99901,670,13,1,low
CUST-040,2025-11-01,v3.2,2119649,0.99879,638,11,1,low
CUST-040,2025-12-01,v3.2,2140105,0.99992,704,12,18,low
CUST-041,2025-01-01,v3.0,2103466,0.99861,584,6,2,low
CUST-041,2025-02-01,v3.0,2101661,0.99925,660,10,2,low
CUST-041,2025-03-01,v3.0,1851245,0.99907,485,4,2,low
CUST-041,2025-04-01,v3.0,1854396,0.99891,545,9,4,low
CUST-041,2025-05-01,v3.1,1784295,0.99963,565,12,4,low
CUST-041,2025-06-01,v3.1,2129213,0.99917,736,12,22,low
CUST-041,2025-07-01,v3.1,2280555,0.99966,731,6,8,low
CUST-041,2025-08-01,v3.1,1952036,0.99987,727,12,24,low
CUST-041,2025-09-01,v3.2,2434971,0.999,721,12,6,low
CUST-041,2025-10-01,v3.2,1907747,0.99905,609,7,22,low
CUST-041,2025-11-01,v3.2,2676230,0.99887,878,8,9,low
CUST-041,2025-12-01,v3.2,2458596,0.99911,772,14,11,low
CUST-042,2025-01-01,v3.0,2048063,0.99864,603,13,5,low
CUST-042,2025-02-01,v3.0,2353358,0.99905,649,12,7,low
CUST-042,2025-03-01,v3.0,2248526,0.99873,660,11,19,low
CUST-042,2025-04-01,v3.0,1996108,0.99898,686,14,21,low
CUST-042,2025-05-01,v3.1,2313370,0.99905,641,5,21,low
CUST-042,2025-06-01,v3.1,2061573,0.99932,574,10,6,low
CUST-042,2025-07-01,v3.1,2125428,0.99941,576,8,20,low
CUST-042,2025-08-01,v3.1,2509877,0.99949,687,11,9,low
CUST-042,2025-09-01,v3.2,2184024,0.99874,722,5,6,low
CUST-042,2025-10-01,v3.2,2201041,0.99972,642,5,16,low
CUST-042,2025-11-01,v3.2,2079807,0.999,663,7,22,low
CUST-042,2025-12-01,v3.2,2115173,0.99943,732,12,20,low
CUST-043,2025-01-01,v3.0,1867636,0.99933,651,13,21,low
CUST-043,2025-02-01,v3.0,2112446,0.99902,646,6,24,low
CUST-043,2025-03-01,v3.0,1877826,0.99954,651,9,23,low
CUST-043,2025-04-01,v3.0,2429866,0.99884,934,16,15,low
CUST-043,2025-05-01,v3.1,2151823,0.99861,649,12,6,low
CUST-043,2025-06-01,v3.1,2128920,0.99877,818,17,6,low
CUST-043,2025-07-01,v3.1,2152615,0.99864,693,12,6,low
CUST-043,2025-08-01,v3.1,2234014,0.99935,802,7,3,low
CUST-043,2025-09-01,v3.2,2696109,0.99961,741,9,16,low
CUST-043,2025-10-01,v3.2,2710855,0.99987,706,12,10,low
CUST-043,2025-11-01,v3.2,2338704,0.99991,711,8,1,low
CUST-043,2025-12-01,v3.2,2501290,0.9986,854,16,23,low
CUST-044,2025-01-01,v3.0,2072605,0.99907,701,10,17,low
CUST-044,2025-02-01,v3.0,2215139,0.99921,580,9,17,low
CUST-044,2025-03-01,v3.0,2330259,0.99972,812,7,9,low
CUST-044,2025-04-01,v3.0,1743793,0.99899,467,3,24,low
CUST-044,2025-05-01,v3.1,2021272,0.99865,598,5,15,low
CUST-044,2025-06-01,v3.1,2036639,0.99872,649,10,18,low
CUST-044,2025-07-01,v3.1,1851006,0.99982,587,12,16,low
CUST-044,2025-08-01,v3.1,2083297,0.99979,569,6,5,low
CUST-044,2025-09-01,v3.2,2183914,0.99881,570,7,4,low
CUST-044,2025-10-01,v3.2,2357485,0.99879,745,7,9,low
CUST-044,2025-11-01,v3.2,2561983,0.99991,892,6,15,low
CUST-044,2025-12-01,v3.2,2226184,0.99882,731,6,1,low
CUST-045,2025-01-01,v3.0,1979901,0.99972,592,7,16,low
CUST-045,2025-02-01,v3.0,2086855,0.99894,540,4,1,low
CUST-045,2025-03-01,v3.0,2381705,0.99967,815,10,14,low
CUST-045,2025-04-01,v3.0,2230054,0.99985,722,7,19,low
CUST-045,2025-05-01,v3.1,2241523,0.99876,849,9,9,low
CUST-045,2025-06-01,v3.1,2435863,0.99967,853,10,7,low
CUST-045,2025-07-01,v3.1,2554173,0.99889,737,9,17,low
CUST-045,2025-08-01,v3.1,2077585,0.99956,771,15,16,low
CUST-045,2025-09-01,v3.2,2395698,0.99864,850,8,19,low
CUST-045,2025-10-01,v3.2,2613662,0.99975,892,17,24,low
CUST-045,2025-11-01,v3.2,1968212,0.99955,669,4,16,low
CUST-045,2025-12-01,v3.2,2295668,0.9993,709,8,21,low
CUST-046,2025-01-01,v3.0,4399845,0.99855,1235,19,23,low
CUST-046,2025-02-01,v3.0,4778461,0.9993,1797,19,24,low
CUST-046,2025-03-01,v3.0,4986771,0.99904,1396,18,15,low
CUST-046,2025-04-01,v3.0,5140569,0.99941,1372,23,4,low
CUST-046,2025-05-01,v3.1,4122329,0.99901,1206,26,6,low
CUST-046,2025-06-01,v3.1,3915196,0.99855,1033,10,16,low
CUST-046,2025-07-01,v3.1,4129370,0.99897,1212,20,11,low
CUST-046,2025-08-01,v3.1,4202083,0.99958,1441,23,14,low
CUST-046,2025-09-01,v3.2,4070839,0.99984,1239,19,11,low
CUST-046,2025-10-01,v3.2,4114973,0.9985,1106,8,12,low
CUST-046,2025-11-01,v3.2,5468971,0.99928,1537,18,4,low
CUST-046,2025-12-01,v3.2,5276767,0.99991,1599,12,20,low
CUST-047,2025-01-01,v3.0,4770036,0.99853,1330,28,21,low
CUST-047,2025-02-01,v3.0,4666722,0.99903,1720,27,5,low
CUST-047,2025-03-01,v3.0,4173046,0.99933,1070,19,22,low
CUST-047,2025-04-01,v3.0,4958265,0.99949,1657,35,4,low
CUST-047,2025-05-01,v3.1,5246106,0.9999,1550,13,16,low
CUST-047,2025-06-01,v3.1,4664277,0.99947,1625,34,7,low
CUST-047,2025-07-01,v3.1,5120009,0.99877,1924,40,20,low
CUST-047,2025-08-01,v3.1,5017268,0.99869,1351,23,3,low
CUST-047,2025-09-01,v3.2,5436781,0.9991,1591,15,5,low
CUST-047,2025-10-01,v3.2,5303144,0.99876,1708,35,5,low
CUST-047,2025-11-01,v3.2,4385351,0.99857,1177,18,1,low
CUST-047,2025-12-01,v3.2,4954337,0.9993,1452,19,2,low
CUST-048,2025-01-01,v3.0,3946047,0.99978,1393,18,15,low
CUST-048,2025-02-01,v3.0,3948184,0.9991,1422,26,6,low
CUST-048,2025-03-01,v3.0,4795978,0.99969,1604,33,16,low
CUST-048,2025-04-01,v3.0,4423954,0.99889,1330,10,22,low
CUST-048,2025-05-01,v3.1,4747180,0.99991,1237,9,24,low
CUST-048,2025-06-01,v3.1,4095093,0.99925,1492,11,14,low
CUST-048,2025-07-01,v3.1,4018816,0.99883,1115,8,1,low
CUST-048,2025-08-01,v3.1,4959676,0.99878,1466,25,4,low
CUST-048,2025-09-01,v3.2,5295672,0.99885,1531,24,18,low
CUST-048,2025-10-01,v3.2,5284765,0.99993,1558,14,21,low
CUST-048,2025-11-01,v3.2,5703380,0.99952,1580,33,9,low
CUST-048,2025-12-01,v3.2,5495462,0.99935,1495,16,15,low
CUST-049,2025-01-01,v3.0,3970725,0.9985,1063,11,3,low
CUST-049,2025-02-01,v3.0,4741638,0.99851,1754,30,17,low
CUST-049,2025-03-01,v3.0,4907861,0.99917,1580,21,17,low
CUST-049,2025-04-01,v3.0,3887137,0.99898,1278,8,7,low
CUST-049,2025-05-01,v3.1,4123657,0.99945,1345,16,2,low
CUST-049,2025-06-01,v3.1,4440605,0.9989,1229,22,1,low
CUST-049,2025-07-01,v3.1,4998208,0.99932,1514,24,7,low
CUST-049,2025-08-01,v3.1,3903121,0.99876,1199,20,14,low
CUST-049,2025-09-01,v3.2,4914078,0.99862,1590,22,3,low
CUST-049,2025-10-01,v3.2,5322723,0.99855,1760,16,10,low
CUST-049,2025-11-01,v3.2,4998130,0.9987,1834,29,18,low
CUST-049,2025-12-01,v3.2,5830488,0.99892,1765,33,17,low
CUST-050,2025-01-01,v3.0,4193032,0.99864,1111,22,13,low
CUST-050,2025-02-01,v3.0,4559095,0.99886,1189,7,7,low
CUST-050,2025-03-01,v3.0,4536437,0.99912,1321,11,7,low
CUST-050,2025-04-01,v3.0,4923837,0.99988,1477,21,15,low
CUST-050,2025-05-01,v3.1,3995340,0.99869,1025,22,9,low
CUST-050,2025-06-01,v3.1,4331767,0.99961,1355,22,13,low
CUST-050,2025-07-01,v3.1,3998068,0.99929,1038,19,6,low
CUST-050,2025-08-01,v3.1,4017938,0.99901,1235,21,6,low
CUST-050,2025-09-01,v3.2,4210705,0.99894,1095,10,6,low
CUST-050,2025-10-01,v3.2,4715283,0.99966,1734,13,11,low
CUST-050,2025-11-01,v3.2,4320473,0.99966,1619,34,19,low
CUST-050,2025-12-01,v3.2,4255525,0.99866,1259,14,14,low
CUST-051,2025-01-01,v3.0,4202906,0.99987,1570,30,14,low
CUST-051,2025-02-01,v3.0,4397437,0.99933,1237,21,9,low
CUST-051,2025-03-01,v3.0,4116025,0.99959,1500,26,14,low
CUST-051,2025-04-01,v3.0,4051697,0.99868,1255,16,3,low
CUST-051,2025-05-01,v3.1,4970122,0.99866,1777,14,10,low
CUST-051,2025-06-01,v3.1,4542885,0.99947,1557,16,6,low
CUST-051,2025-07-01,v3.1,4020490,0.99857,1283,9,20,low
CUST-051,2025-08-01,v3.1,5385707,0.99946,1463,16,13,low
CUST-051,2025-09-01,v3.2,4245158,0.99917,1399,18,20,low
CUST-051,2025-10-01,v3.2,4974816,0.99951,1511,15,3,low
CUST-051,2025-11-01,v3.2,4347080,0.99893,1289,12,14,low
CUST-051,2025-12-01,v3.2,5154650,0.99899,1814,34,12,low
CUST-052,2025-01-01,v3.0,4762425,0.99912,1294,11,22,low
CUST-052,2025-02-01,v3.0,4652751,0.99892,1376,12,8,low
CUST-052,2025-03-01,v3.0,4881242,0.99909,1275,20,12,low
CUST-052,2025-04-01,v3.0,4588736,0.99964,1393,12,18,low
CUST-052,2025-05-01,v3.1,4539817,0.99885,1204,25,19,low
CUST-052,2025-06-01,v3.1,3952229,0.9993,1457,28,7,low
CUST-052,2025-07-01,v3.1,4589460,0.99983,1688,11,6,low
CUST-052,2025-08-01,v3.1,4864245,0.99978,1812,24,14,low
CUST-052,2025-09-01,v3.2,4997999,0.99938,1727,15,10,low
CUST-052,2025-10-01,v3.2,4074498,0.9995,1392,27,8,low
CUST-052,2025-11-01,v3.2,4699961,0.99936,1687,33,20,low
CUST-052,2025-12-01,v3.2,4999655,0.9986,1405,26,11,low
CUST-053,2025-01-01,v3.0,4687576,0.99895,1642,12,19,low
CUST-053,2025-02-01,v3.0,3919350,0.9986,1252,18,11,low
CUST-053,2025-03-01,v3.0,4975872,0.99987,1303,11,18,low
CUST-053,2025-04-01,v3.0,3679863,0.99855,1234,20,21,low
CUST-053,2025-05-01,v3.1,3786284,0.99982,1413,18,16,low
CUST-053,2025-06-01,v3.1,3828084,0.99992,1227,22,11,low
CUST-053,2025-07-01,v3.1,4831804,0.99983,1531,30,2,low
CUST-053,2025-08-01,v3.1,4784836,0.99939,1343,29,13,low
CUST-053,2025-09-01,v3.2,4294074,0.99888,1211,24,13,low
CUST-053,2025-10-01,v3.2,4830685,0.99913,1693,15,6,low
CUST-053,2025-11-01,v3.2,5295244,0.99987,1533,15,2,low
CUST-053,2025-12-01,v3.2,5417663,0.99977,1862,41,6,low
CUST-054,2025-01-01,v3.0,3849379,0.99912,1417,15,7,low
CUST-054,2025-02-01,v3.0,4689046,0.99895,1616,15,3,low
CUST-054,2025-03-01,v3.0,4621866,0.99912,1518,18,22,low
CUST-054,2025-04-01,v3.0,5100461,0.99864,1828,39,7,low
CUST-054,2025-05-01,v3.1,3831971,0.9995,1267,14,6,low
CUST-054,2025-06-01,v3.1,4624946,0.99959,1352,15,1,low
CUST-054,2025-07-01,v3.1,3879440,0.99917,1071,21,11,low
CUST-054,2025-08-01,v3.1,4465726,0.9995,1499,11,8,low
CUST-054,2025-09-01,v3.2,4946456,0.99875,1530,11,10,low
CUST-054,2025-10-01,v3.2,5508383,0.9987,2099,17,23,low
CUST-054,2025-11-01,v3.2,4264746,0.99965,1102,13,2,low
CUST-054,2025-12-01,v3.2,4744158,0.99909,1232,23,8,low
CUST-055,2025-01-01,v3.0,3679762,0.99913,1161,20,4,low
CUST-055,2025-02-01,v3.0,3548135,0.99872,965,12,10,low
CUST-055,2025-03-01,v3.0,4294648,0.9991,1279,23,24,low
CUST-055,2025-04-01,v3.0,3651294,0.99897,1119,13,21,low
CUST-055,2025-05-01,v3.1,4673036,0.99937,1223,27,2,low
CUST-055,2025-06-01,v3.1,5397577,0.9988,1556,31,24,low
CUST-055,2025-07-01,v3.1,4013928,0.99862,1057,9,18,low
CUST-055,2025-08-01,v3.1,4545439,0.99947,1190,20,11,low
CUST-055,2025-09-01,v3.2,4666944,0.99988,1672,31,22,low
CUST-055,2025-10-01,v3.2,4778627,0.99995,1706,22,21,low
CUST-055,2025-11-01,v3.2,5685173,0.99991,2142,28,2,low
CUST-055,2025-12-01,v3.2,4966702,0.99865,1557,26,5,low
CUST-056,2025-01-01,v3.0,4495192,0.99966,1213,13,10,low
CUST-056,2025-02-01,v3.0,4104714,0.99977,1198,25,17,low
CUST-056,2025-03-01,v3.0,4817969,0.99885,1559,11,2,low
CUST-056,2025-04-01,v3.0,5125048,0.99984,1860,16,7,low
CUST-056,2025-05-01,v3.1,5231497,0.99895,1522,33,17,low
CUST-056,2025-06-01,v3.1,3765753,0.99897,1345,29,17,low
CUST-056,2025-07-01,v3.1,4340132,0.99919,1367,22,5,low
CUST-056,2025-08-01,v3.1,4095907,0.99856,1221,18,13,low
CUST-056,2025-09-01,v3.2,5465727,0.99874,1794,18,17,low
CUST-056,2025-10-01,v3.2,5586095,0.999,2143,44,12,low
CUST-056,2025-11-01,v3.2,5570152,0.9998,1628,18,3,low
CUST-056,2025-12-01,v3.2,5769599,0.99943,1696,11,2,low
CUST-057,2025-01-01,v3.0,3722747,0.9985,1302,27,15,low
CUST-057,2025-02-01,v3.0,4728964,0.99895,1393,17,5,low
CUST-057,2025-03-01,v3.0,3828833,0.9992,1138,23,4,low
CUST-057,2025-04-01,v3.0,4924860,0.9989,1352,27,19,low
CUST-057,2025-05-01,v3.1,4688261,0.9994,1211,20,5,low
CUST-057,2025-06-01,v3.1,4804354,0.99944,1611,30,5,low
CUST-057,2025-07-01,v3.1,4386065,0.99907,1418,13,23,low
CUST-057,2025-08-01,v3.1,5052576,0.99964,1527,16,11,low
CUST-057,2025-09-01,v3.2,4795452,0.9987,1262,13,4,low
CUST-057,2025-10-01,v3.2,5518672,0.99957,2054,22,22,low
CUST-057,2025-11-01,v3.2,4645351,0.9999,1271,14,17,low
CUST-057,2025-12-01,v3.2,4252077,0.99851,1362,19,12,low
CUST-058,2025-01-01,v3.0,4570027,0.99972,1176,18,8,low
CUST-058,2025-02-01,v3.0,3678331,0.99867,986,6,5,low
CUST-058,2025-03-01,v3.0,4375773,0.99952,1203,24,23,low
CUST-058,2025-04-01,v3.0,4202324,0.9996,1371,24,2,low
CUST-058,2025-05-01,v3.1,4943812,0.99925,1542,13,1,low
CUST-058,2025-06-01,v3.1,4494543,0.99918,1508,29,23,low
CUST-058,2025-07-01,v3.1,4783392,0.99884,1370,21,8,low
CUST-058,2025-08-01,v3.1,5396773,0.99915,1700,25,10,low
CUST-058,2025-09-01,v3.2,4517983,0.9989,1183,24,1,low
CUST-058,2025-10-01,v3.2,5065444,0.9999,1682,26,22,low
CUST-058,2025-11-01,v3.2,4641267,0.99934,1296,18,8,low
CUST-058,2025-12-01,v3.2,4584925,0.99901,1313,14,1,low
CUST-059,2025-01-01,v3.0,1511305,0.999,486,7,6,low
CUST-059,2025-02-01,v3.0,1387868,0.9999,372,6,20,low
CUST-059,2025-03-01,v3.0,1142511,0.99889,396,8,4,low
CUST-059,2025-04-01,v3.0,1290765,0.99868,488,7,6,low
CUST-059,2025-05-01,v3.1,1562960,0.99989,539,9,18,low
CUST-059,2025-06-01,v3.1,1417629,0.99879,401,5,15,low
CUST-059,2025-07-01,v3.1,1545685,0.99955,490,10,19,low
CUST-059,2025-08-01,v3.1,1341493,0.99961,360,6,2,low
CUST-059,2025-09-01,v3.2,1679972,0.99877,564,9,14,low
CUST-059,2025-10-01,v3.2,1622875,0.99984,567,12,10,low
CUST-059,2025-11-01,v3.2,1516084,0.99884,531,10,1,low
CUST-059,2025-12-01,v3.2,1725203,0.99892,629,7,3,low
CUST-060,2025-01-01,v3.0,1510156,0.99916,399,8,2,low
CUST-060,2025-02-01,v3.0,1264243,0.99966,408,7,7,low
CUST-060,2025-03-01,v3.0,1265006,0.99915,475,9,17,low
CUST-060,2025-04-01,v3.0,1389504,0.99921,420,5,8,low
CUST-060,2025-05-01,v3.1,1445916,0.99986,521,5,3,low
CUST-060,2025-06-01,v3.1,1532800,0.99895,552,8,7,low
CUST-060,2025-07-01,v3.1,1471737,0.99898,499,6,1,low
CUST-060,2025-08-01,v3.1,1301145,0.99872,410,4,8,low
CUST-060,2025-09-01,v3.2,1494876,0.99929,392,7,22,low
CUST-060,2025-10-01,v3.2,1392865,0.99875,462,8,15,low
CUST-060,2025-11-01,v3.2,1677115,0.99993,566,6,8,low
CUST-060,2025-12-01,v3.2,1747621,0.9992,483,8,17,low
CUST-061,2025-01-01,v3.0,1500844,0.99874,389,4,13,low
CUST-061,2025-02-01,v3.0,1553253,0.99871,597,6,19,low
CUST-061,2025-03-01,v3.0,1181609,0.99853,308,4,14,low
CUST-061,2025-04-01,v3.0,1160330,0.99907,364,3,2,low
CUST-061,2025-05-01,v3.1,1472689,0.99944,477,7,4,low
CUST-061,2025-06-01,v3.1,1447607,0.99985,458,9,21,low
CUST-061,2025-07-01,v3.1,1583047,0.9992,577,4,9,low
CUST-061,2025-08-01,v3.1,1206889,0.99919,403,6,18,low
CUST-061,2025-09-01,v3.2,1708233,0.99864,530,4,17,low
CUST-061,2025-10-01,v3.2,1269185,0.99956,337,6,19,low
CUST-061,2025-11-01,v3.2,1603814,0.99892,573,11,9,low
CUST-061,2025-12-01,v3.2,1588364,0.99887,494,9,9,low
CUST-062,2025-01-01,v3.0,1415808,0.99921,389,3,1,low
CUST-062,2025-02-01,v3.0,1335551,0.9996,421,5,2,low
CUST-062,2025-03-01,v3.0,1206001,0.99942,356,7,2,low
CUST-062,2025-04-01,v3.0,1601306,0.99973,453,5,16,low
CUST-062,2025-05-01,v3.1,1588933,0.9989,610,8,4,low
CUST-062,2025-06-01,v3.1,1315111,0.99959,357,8,18,low
CUST-062,2025-07-01,v3.1,1339867,0.99963,407,5,13,low
CUST-062,2025-08-01,v3.1,1264551,0.9999,337,3,16,low
CUST-062,2025-09-01,v3.2,1268776,0.99903,440,3,9,low
CUST-062,2025-10-01,v3.2,1269892,0.99874,450,9,4,low
CUST-062,2025-11-01,v3.2,1438164,0.99896,479,4,1,low
CUST-062,2025-12-01,v3.2,1495445,0.99978,536,8,2,low
CUST-063,2025-01-01,v3.0,1109811,0.99948,355,8,1,low
CUST-063,2025-02-01,v3.0,1476922,0.9999,503,4,13,low
CUST-063,2025-03-01,v3.0,1135891,0.99892,299,5,9,low
CUST-063,2025-04-01,v3.0,1123761,0.99988,346,7,6,low
CUST-063,2025-05-01,v3.1,1343994,0.99896,483,4,3,low
CUST-063,2025-06-01,v3.1,1467511,0.99965,444,5,12,low
CUST-063,2025-07-01,v3.1,1445906,0.99988,378,7,22,low
CUST-063,2025-08-01,v3.1,1592186,0.99889,433,8,10,low
CUST-063,2025-09-01,v3.2,1316565,0.99854,423,7,20,low
CUST-063,2025-10-01,v3.2,1346596,0.99904,389,4,5,low
CUST-063,2025-11-01,v3.2,1354983,0.99967,469,6,10,low
CUST-063,2025-12-01,v3.2,1326928,0.9988,429,9,2,low
CUST-064,2025-01-01,v3.0,1385915,0.99987,358,7,4,low
CUST-064,2025-02-01,v3.0,1488411,0.99972,557,8,8,low
CUST-064,2025-03-01,v3.0,1228746,0.9987,334,3,11,low
CUST-064,2025-04-01,v3.0,1304816,0.99876,433,8,13,low
CUST-064,2025-05-01,v3.1,1186657,0.99971,399,6,9,low
CUST-064,2025-06-01,v3.1,1492794,0.9999,559,7,8,low
CUST-064,2025-07-01,v3.1,1542446,0.99861,468,4,2,low
CUST-064,2025-08-01,v3.1,1212001,0.99865,346,5,20,low
CUST-064,2025-09-01,v3.2,1326737,0.99876,396,3,3,low
CUST-064,2025-10-01,v3.2,1416714,0.99956,425,5,16,low
CUST-064,2025-11-01,v3.2,1616611,0.99897,451,6,5,low
CUST-064,2025-12-01,v3.2,1831910,0.99881,485,7,14,low
CUST-065,2025-01-01,v3.0,1467962,0.99888,540,3,6,low
CUST-065,2025-02-01,v3.0,1415206,0.99944,365,4,1,low
CUST-065,2025-03-01,v3.0,1156605,0.99954,430,7,14,low
CUST-065,2025-04-01,v3.0,1421056,0.99972,390,6,11,low
CUST-065,2025-05-01,v3.1,1529661,0.99984,481,6,20,low
CUST-065,2025-06-01,v3.1,1207180,0.99866,442,9,17,low
CUST-065,2025-07-01,v3.1,1583811,0.99895,431,3,11,low
CUST-065,2025-08-01,v3.1,1428967,0.99955,478,7,9,low
CUST-065,2025-09-01,v3.2,1680043,0.99877,498,9,10,low
CUST-065,2025-10-01,v3.2,1434958,0.99923,512,4,4,low
CUST-065,2025-11-01,v3.2,1809071,0.99907,670,5,2,low
CUST-065,2025-12-01,v3.2,1645748,0.99978,474,8,20,low
CUST-066,2025-01-01,v3.0,1226361,0.99889,362,2,19,low
CUST-066,2025-02-01,v3.0,1160368,0.99973,305,6,11,low
CUST-066,2025-03-01,v3.0,1569314,0.99854,414,5,18,low
CUST-066,2025-04-01,v3.0,1453131,0.99885,474,3,10,low
CUST-066,2025-05-01,v3.1,1415024,0.99935,488,3,20,low
CUST-066,2025-06-01,v3.1,1584185,0.99854,567,6,20,low
CUST-066,2025-07-01,v3.1,1564228,0.99852,412,5,2,low
CUST-066,2025-08-01,v3.1,1588247,0.99859,456,8,8,low
CUST-066,2025-09-01,v3.2,1461473,0.9994,396,5,3,low
CUST-066,2025-10-01,v3.2,1249994,0.99884,359,7,18,low
CUST-066,2025-11-01,v3.2,1356584,0.99959,374,6,23,low
CUST-066,2025-12-01,v3.2,1623428,0.99904,593,4,20,low
CUST-067,2025-01-01,v3.0,1368883,0.99904,422,5,5,low
CUST-067,2025-02-01,v3.0,1144015,0.99851,307,6,12,low
CUST-067,2025-03-01,v3.0,1437173,0.99959,405,8,15,low
CUST-067,2025-04-01,v3.0,1416266,0.99991,472,9,16,low
CUST-067,2025-05-01,v3.1,1259562,0.999,342,7,15,low
CUST-067,2025-06-01,v3.1,1579015,0.99975,534,9,24,low
CUST-067,2025-07-01,v3.1,1632764,0.99858,612,9,16,low
CUST-067,2025-08-01,v3.1,1266372,0.99978,412,8,4,low
CUST-067,2025-09-01,v3.2,1653135,0.99877,450,7,6,low
CUST-067,2025-10-01,v3.2,1452373,0.99903,542,12,16,low
CUST-067,2025-11-01,v3.2,1535068,0.9999,468,8,23,low
CUST-067,2025-12-01,v3.2,1708154,0.99872,532,4,15,low
CUST-068,2025-01-01,v3.0,1435634,0.99887,420,8,22,low
CUST-068,2025-02-01,v3.0,1478669,0.99941,504,6,8,low
CUST-068,2025-03-01,v3.0,1297465,0.99869,444,7,21,low
CUST-068,2025-04-01,v3.0,1330442,0.9986,343,4,20,low
CUST-068,2025-05-01,v3.1,1327113,0.99884,342,3,12,low
CUST-068,2025-06-01,v3.1,1663430,0.99919,588,9,11,low
CUST-068,2025-07-01,v3.1,1391662,0.99916,371,3,4,low
CUST-068,2025-08-01,v3.1,1348087,0.99897,496,11,24,low
CUST-068,2025-09-01,v3.2,1273620,0.99995,390,4,7,low
CUST-068,2025-10-01,v3.2,1610034,0.99932,522,10,5,low
CUST-068,2025-11-01,v3.2,1517639,0.99925,434,4,3,low
CUST-068,2025-12-01,v3.2,1661165,0.99941,458,6,13,low
CUST-069,2025-01-01,v3.0,1154649,0.9995,402,5,5,low
CUST-069,2025-02-01,v3.0,1153942,0.99875,299,3,15,low
CUST-069,2025-03-01,v3.0,1135289,0.99933,372,2,9,low
CUST-069,2025-04-01,v3.0,1331939,0.99983,352,2,11,low
CUST-069,2025-05-01,v3.1,1456226,0.9989,481,10,22,low
CUST-069,2025-06-01,v3.1,1555682,0.99906,574,11,21,low
CUST-069,2025-07-01,v3.1,1509130,0.99876,571,6,13,low
CUST-069,2025-08-01,v3.1,1459298,0.99863,444,4,10,low
CUST-069,2025-09-01,v3.2,1618192,0.99929,417,6,19,low
CUST-069,2025-10-01,v3.2,1597085,0.99935,468,6,2,low
CUST-069,2025-11-01,v3.2,1666248,0.99869,553,11,12,low
CUST-069,2025-12-01,v3.2,1315318,0.99871,416,6,19,low
CUST-070,2025-01-01,v3.0,1420666,0.99979,454,8,14,low
CUST-070,2025-02-01,v3.0,1441253,0.9994,464,8,4,low
CUST-070,2025-03-01,v3.0,1284924,0.999,332,5,18,low
CUST-070,2025-04-01,v3.0,1156257,0.99918,408,9,10,low
CUST-070,2025-05-01,v3.1,1218743,0.99877,395,3,14,low
CUST-070,2025-06-01,v3.1,1459197,0.99989,542,6,11,low
CUST-070,2025-07-01,v3.1,1381124,0.99962,368,8,2,low
CUST-070,2025-08-01,v3.1,1268866,0.99876,373,3,12,low
CUST-070,2025-09-01,v3.2,1297955,0.99907,352,7,24,low
CUST-070,2025-10-01,v3.2,1550761,0.99968,402,8,9,low
CUST-070,2025-11-01,v3.2,1809752,0.99893,580,8,21,low
CUST-070,2025-12-01,v3.2,1604502,0.99851,597,6,13,low
CUST-071,2025-01-01,v3.0,1472076,0.99888,396,6,5,low
CUST-071,2025-02-01,v3.0,1438466,0.99902,532,8,5,low
CUST-071,2025-03-01,v3.0,1553590,0.99943,523,6,14,low
CUST-071,2025-04-01,v3.0,1462971,0.99859,379,6,11,low
CUST-071,2025-05-01,v3.1,1481915,0.99867,481,3,7,low
CUST-071,2025-06-01,v3.1,1530362,0.99895,395,3,14,low
CUST-071,2025-07-01,v3.1,1272817,0.99966,421,9,8,low
CUST-071,2025-08-01,v3.1,1613225,0.99893,457,8,15,low
CUST-071,2025-09-01,v3.2,1694084,0.99911,449,5,16,low
CUST-071,2025-10-01,v3.2,1766169,0.99943,602,6,21,low
CUST-071,2025-11-01,v3.2,1318826,0.99917,387,5,2,low
CUST-071,2025-12-01,v3.2,1622292,0.99972,593,6,2,low
CUST-072,2025-01-01,v3.0,1427368,0.99913,386,8,5,low
CUST-072,2025-02-01,v3.0,1269696,0.99965,365,7,22,low
CUST-072,2025-03-01,v3.0,1255092,0.99933,391,7,6,low
CUST-072,2025-04-01,v3.0,1226809,0.9992,326,4,3,low
CUST-072,2025-05-01,v3.1,1562646,0.99907,522,7,19,low
CUST-072,2025-06-01,v3.1,1534771,0.99898,561,9,1,low
CUST-072,2025-07-01,v3.1,1191040,0.99972,362,2,22,low
CUST-072,2025-08-01,v3.1,1703619,0.99929,544,6,7,low
CUST-072,2025-09-01,v3.2,1571433,0.99971,449,7,6,low
CUST-072,2025-10-01,v3.2,1306261,0.99861,470,4,12,low
CUST-072,2025-11-01,v3.2,1460795,0.99991,446,7,14,low
CUST-072,2025-12-01,v3.2,1650528,0.99979,496,3,13,low
CUST-073,2025-01-01,v3.0,1292927,0.99953,395,4,8,low
CUST-073,2025-02-01,v3.0,1364596,0.99912,372,3,16,low
CUST-073,2025-03-01,v3.0,1550551,0.99958,444,7,13,low
CUST-073,2025-04-01,v3.0,1558906,0.99928,426,4,16,low
CUST-073,2025-05-01,v3.1,1264205,0.99899,453,8,24,low
CUST-073,2025-06-01,v3.1,1503338,0.99857,443,5,9,low
CUST-073,2025-07-01,v3.1,1652106,0.99981,505,7,20,low
CUST-073,2025-08-01,v3.1,1616374,0.99976,560,10,5,low
CUST-073,2025-09-01,v3.2,1645044,0.99931,533,10,9,low
CUST-073,2025-10-01,v3.2,1437516,0.99898,430,8,14,low
CUST-073,2025-11-01,v3.2,1706201,0.99962,510,9,23,low
CUST-073,2025-12-01,v3.2,1836978,0.99927,584,8,24,low
CUST-074,2025-01-01,v3.0,1199764,0.99993,459,7,9,low
CUST-074,2025-02-01,v3.0,1394786,0.99989,477,9,13,low
CUST-074,2025-03-01,v3.0,1311888,0.99926,364,8,4,low
CUST-074,2025-04-01,v3.0,1488520,0.99904,473,4,15,low
CUST-074,2025-05-01,v3.1,1401370,0.99952,504,9,17,low
CUST-074,2025-06-01,v3.1,1175715,0.99904,342,3,12,low
CUST-074,2025-07-01,v3.1,1435044,0.99869,406,3,18,low
CUST-074,2025-08-01,v3.1,1720509,0.99858,466,4,7,low
CUST-074,2025-09-01,v3.2,1272207,0.99977,353,6,15,low
CUST-074,2025-10-01,v3.2,1655238,0.99955,547,7,20,low
CUST-074,2025-11-01,v3.2,1574776,0.99879,509,7,6,low
CUST-074,2025-12-01,v3.2,1465276,0.99875,531,8,24,low
CUST-075,2025-01-01,v3.0,1489390,0.9992,384,7,1,low
CUST-075,2025-02-01,v3.0,1323133,0.99887,380,7,21,low
CUST-075,2025-03-01,v3.0,1489763,0.99966,469,3,14,low
CUST-075,2025-04-01,v3.0,1273564,0.99859,433,3,20,low
CUST-075,2025-05-01,v3.1,1296731,0.99858,352,5,5,low
CUST-075,2025-06-01,v3.1,1364017,0.99931,399,4,10,low
CUST-075,2025-07-01,v3.1,1303998,0.99978,416,3,8,low
CUST-075,2025-08-01,v3.1,1477041,0.99923,492,5,12,low
CUST-075,2025-09-01,v3.2,1627243,0.99864,447,6,6,low
CUST-075,2025-10-01,v3.2,1385312,0.99883,371,5,8,low
CUST-075,2025-11-01,v3.2,1385945,0.99924,409,4,12,low
CUST-075,2025-12-01,v3.2,1679260,0.99989,568,11,13,low
CUST-076,2025-01-01,v3.0,8692367,0.99963,2598,29,21,low
CUST-076,2025-02-01,v3.0,8294308,0.99945,2476,51,17,low
CUST-076,2025-03-01,v3.0,8692311,0.99933,2478,28,20,low
CUST-076,2025-04-01,v3.0,10240122,0.99887,3386,33,18,low
CUST-076,2025-05-01,v3.1,8402513,0.9987,2335,35,3,low
CUST-076,2025-06-01,v3.1,8167288,0.99986,2971,23,9,low
CUST-076,2025-07-01,v3.1,9338821,0.99958,3004,51,11,low
CUST-076,2025-08-01,v3.1,8653518,0.99861,2417,25,9,low
CUST-076,2025-09-01,v3.2,9344449,0.99887,2587,23,16,low
CUST-076,2025-10-01,v3.2,8427148,0.99958,2229,49,15,low
CUST-076,2025-11-01,v3.2,8650843,0.99954,2674,59,3,low
CUST-076,2025-12-01,v3.2,10384906,0.99948,2845,44,24,low
CUST-077,2025-01-01,v3.0,9627568,0.99873,2868,54,9,low
CUST-077,2025-02-01,v3.0,7714466,0.99982,2636,34,17,low
CUST-077,2025-03-01,v3.0,8470175,0.99931,2259,33,22,low
CUST-077,2025-04-01,v3.0,8385235,0.99994,3036,48,20,low
CUST-077,2025-05-01,v3.1,7849051,0.99964,2310,14,20,low
CUST-077,2025-06-01,v3.1,8690100,0.99928,2786,39,14,low
CUST-077,2025-07-01,v3.1,11031551,0.999,3488,26,8,low
CUST-077,2025-08-01,v3.1,9379061,0.99967,2686,49,14,low
CUST-077,2025-09-01,v3.2,9977463,0.99891,3787,23,17,low
CUST-077,2025-10-01,v3.2,8852213,0.99916,3025,60,16,low
CUST-077,2025-11-01,v3.2,9340871,0.99967,3415,63,21,low
CUST-077,2025-12-01,v3.2,9414812,0.99906,2699,42,13,low
CUST-078,2025-01-01,v3.0,8349010,0.99945,2697,39,10,low
CUST-078,2025-02-01,v3.0,8991112,0.99962,2477,39,16,low
CUST-078,2025-03-01,v3.0,7780833,0.9997,2845,35,22,low
CUST-078,2025-04-01,v3.0,9392749,0.99874,2965,57,23,low
CUST-078,2025-05-01,v3.1,10634795,0.99961,3150,37,22,low
CUST-078,2025-06-01,v3.1,9921036,0.99879,2565,17,13,low
CUST-078,2025-07-01,v3.1,7922537,0.99934,3042,43,14,low
CUST-078,2025-08-01,v3.1,9154968,0.99906,3170,31,16,low
CUST-078,2025-09-01,v3.2,11279680,0.99949,3994,72,1,low
CUST-078,2025-10-01,v3.2,11162821,0.99874,3637,43,4,low
CUST-078,2025-11-01,v3.2,11818005,0.99911,3672,53,22,low
CUST-078,2025-12-01,v3.2,11305041,0.99912,3521,71,11,low
CUST-079,2025-01-01,v3.0,9587618,0.99905,2652,25,13,low
CUST-079,2025-02-01,v3.0,8977666,0.99861,3039,47,18,low
CUST-079,2025-03-01,v3.0,8336758,0.99916,2280,28,9,low
CUST-079,2025-04-01,v3.0,8982465,0.99926,3379,29,23,low
CUST-079,2025-05-01,v3.1,8777780,0.99955,2713,28,13,low
CUST-079,2025-06-01,v3.1,10698231,0.99967,3618,38,13,low
CUST-079,2025-07-01,v3.1,10131181,0.99951,2665,56,6,low
CUST-079,2025-08-01,v3.1,7970632,0.99986,2351,35,13,low
CUST-079,2025-09-01,v3.2,9208007,0.9998,2383,17,5,low
CUST-079,2025-10-01,v3.2,9933945,0.99984,3088,35,16,low
CUST-079,2025-11-01,v3.2,11120090,0.99958,3401,72,13,low
CUST-079,2025-12-01,v3.2,9839802,0.99904,3180,43,9,low
CUST-080,2025-01-01,v3.0,8322317,0.99975,2713,18,9,low
CUST-080,2025-02-01,v3.0,9992745,0.99916,2649,45,13,low
CUST-080,2025-03-01,v3.0,7493324,0.99854,2191,16,13,low
CUST-080,2025-04-01,v3.0,10110486,0.99896,3692,73,12,low
CUST-080,2025-05-01,v3.1,9361767,0.99885,2549,22,3,low
CUST-080,2025-06-01,v3.1,10251101,0.99897,3471,44,12,low
CUST-080,2025-07-01,v3.1,7896360,0.99881,2143,43,2,low
CUST-080,2025-08-01,v3.1,8064634,0.99949,2857,29,13,low
CUST-080,2025-09-01,v3.2,9544035,0.99931,3547,43,1,low
CUST-080,2025-10-01,v3.2,10531890,0.99907,3818,29,13,low
CUST-080,2025-11-01,v3.2,10222251,0.99915,3346,67,2,low
CUST-080,2025-12-01,v3.2,11443461,0.99902,3026,38,19,low
CUST-081,2025-01-01,v3.0,9672587,0.9987,3241,33,6,low
CUST-081,2025-02-01,v3.0,9904446,0.99957,2762,33,5,low
CUST-081,2025-03-01,v3.0,9950849,0.9998,2964,33,3,low
CUST-081,2025-04-01,v3.0,8629154,0.9986,2664,57,19,low
CUST-081,2025-05-01,v3.1,10335938,0.99889,2792,26,14,low
CUST-081,2025-06-01,v3.1,10860898,0.99915,3915,30,15,low
CUST-081,2025-07-01,v3.1,9040484,0.99907,2349,35,24,low
CUST-081,2025-08-01,v3.1,11065451,0.99994,3456,42,14,low
CUST-081,2025-09-01,v3.2,10093649,0.9994,3062,25,22,low
CUST-081,2025-10-01,v3.2,11644921,0.99973,4337,88,3,low
CUST-081,2025-11-01,v3.2,8320570,0.99981,2281,46,4,low
CUST-081,2025-12-01,v3.2,9420974,0.99871,2853,47,11,low
CUST-082,2025-01-01,v3.0,9573171,0.99948,2937,53,9,low
CUST-082,2025-02-01,v3.0,7966829,0.99957,2396,38,9,low
CUST-082,2025-03-01,v3.0,9708999,0.99861,2508,21,4,low
CUST-082,2025-04-01,v3.0,7558978,0.99991,2339,24,1,low
CUST-082,2025-05-01,v3.1,10041937,0.99869,2576,44,24,low
CUST-082,2025-06-01,v3.1,10819036,0.99984,4103,35,19,low
CUST-082,2025-07-01,v3.1,8280026,0.99949,2605,19,21,low
CUST-082,2025-08-01,v3.1,8117892,0.99965,2515,25,23,low
CUST-082,2025-09-01,v3.2,9010658,0.99948,2376,19,3,low
CUST-082,2025-10-01,v3.2,10751217,0.99866,2809,33,2,low
CUST-082,2025-11-01,v3.2,11772655,0.99911,4117,38,7,low
CUST-082,2025-12-01,v3.2,10283036,0.99925,3263,38,9,low
CUST-083,2025-01-01,v3.0,9691525,0.99943,2854,23,5,low
CUST-083,2025-02-01,v3.0,7460405,0.99971,2749,31,9,low
CUST-083,2025-03-01,v3.0,8315302,0.99912,2966,50,24,low
CUST-083,2025-04-01,v3.0,8569754,0.99945,3249,54,15,low
CUST-083,2025-05-01,v3.1,10340120,0.99971,3438,46,20,low
CUST-083,2025-06-01,v3.1,8739439,0.9987,2893,25,18,low
CUST-083,2025-07-01,v3.1,9124362,0.99962,2783,35,22,low
CUST-083,2025-08-01,v3.1,10704251,0.99889,3840,78,17,low
CUST-083,2025-09-01,v3.2,11109326,0.99878,3737,62,20,low
CUST-083,2025-10-01,v3.2,8236424,0.99889,2376,15,17,low
CUST-083,2025-11-01,v3.2,9264437,0.99863,2393,17,16,low
CUST-083,2025-12-01,v3.2,11376072,0.99927,4296,40,19,low
CUST-084,2025-01-01,v3.0,9146409,0.99924,3028,53,4,low
CUST-084,2025-02-01,v3.0,8165760,0.99859,2268,28,24,low
CUST-084,2025-03-01,v3.0,9651728,0.99865,2806,46,23,low
CUST-084,2025-04-01,v3.0,8426996,0.99898,3231,32,8,low
CUST-084,2025-05-01,v3.1,8769577,0.9996,3169,35,24,low
CUST-084,2025-06-01,v3.1,10173938,0.99984,3169,51,17,low
CUST-084,2025-07-01,v3.1,10963343,0.99866,3745,56,10,low
CUST-084,2025-08-01,v3.1,11081683,0.99927,2998,62,2,low
CUST-084,2025-09-01,v3.2,11071335,0.99899,3036,55,24,low
CUST-084,2025-10-01,v3.2,11180589,0.99974,3498,41,13,low
CUST-084,2025-11-01,v3.2,9909978,0.99957,3582,45,21,low
CUST-084,2025-12-01,v3.2,11751275,0.99922,4189,80,12,low
CUST-085,2025-01-01,v3.0,7855161,0.99866,2383,18,4,low
CUST-085,2025-02-01,v3.0,9563096,0.99938,2532,47,13,low
CUST-085,2025-03-01,v3.0,7424035,0.99991,2376,28,14,low
CUST-085,2025-04-01,v3.0,7884219,0.99876,2050,44,18,low
CUST-085,2025-05-01,v3.1,8579043,0.9995,2586,45,14,low
CUST-085,2025-06-01,v3.1,10360955,0.99855,3904,32,12,low
CUST-085,2025-07-01,v3.1,9396260,0.99975,3251,27,5,low
CUST-085,2025-08-01,v3.1,8049568,0.99971,2254,46,5,low
CUST-085,2025-09-01,v3.2,8638880,0.99933,2986,52,1,low
CUST-085,2025-10-01,v3.2,11320958,0.99967,3533,36,15,low
CUST-085,2025-11-01,v3.2,11184353,0.99856,3134,37,18,low
CUST-085,2025-12-01,v3.2,11464228,0.99954,3978,76,23,low
CUST-086,2025-01-01,v3.0,9163583,0.99921,2631,50,11,low
CUST-086,2025-02-01,v3.0,7100610,0.99856,2363,35,12,low
CUST-086,2025-03-01,v3.0,7438400,0.99854,2635,49,2,low
CUST-086,2025-04-01,v3.0,8969883,0.9997,2563,42,8,low
CUST-086,2025-05-01,v3.1,7891903,0.99912,2707,41,1,low
CUST-086,2025-06-01,v3.1,9952682,0.99986,2741,24,20,low
CUST-086,2025-07-01,v3.1,10410805,0.99926,3078,63,18,low
CUST-086,2025-08-01,v3.1,9803131,0.99954,2992,42,2,low
CUST-086,2025-09-01,v3.2,9714185,0.99989,3120,48,10,low
CUST-086,2025-10-01,v3.2,11198646,0.99911,3746,23,2,low
CUST-086,2025-11-01,v3.2,10481049,0.99885,2899,26,13,low
CUST-086,2025-12-01,v3.2,11145183,0.99901,3105,49,9,low
CUST-087,2025-01-01,v3.0,9305193,0.99859,2627,22,10,low
CUST-087,2025-02-01,v3.0,8767228,0.99851,2620,18,22,low
CUST-087,2025-03-01,v3.0,7842814,0.99926,2393,33,21,low
CUST-087,2025-04-01,v3.0,9844571,0.99891,3747,34,23,low
CUST-087,2025-05-01,v3.1,10325731,0.99878,3775,66,2,low
CUST-087,2025-06-01,v3.1,9992042,0.99942,2988,66,11,low
CUST-087,2025-07-01,v3.1,8436125,0.99874,3220,38,10,low
CUST-087,2025-08-01,v3.1,8914268,0.99853,2460,45,8,low
CUST-087,2025-09-01,v3.2,9587022,0.99852,2717,48,13,low
CUST-087,2025-10-01,v3.2,9969295,0.99868,3195,62,5,low
CUST-087,2025-11-01,v3.2,9445697,0.99985,3014,52,1,low
CUST-087,2025-12-01,v3.2,9153594,0.99903,3123,31,3,low
CUST-088,2025-01-01,v3.0,9299847,0.9997,3472,37,10,low
CUST-088,2025-02-01,v3.0,7851362,0.99912,2135,28,4,low
CUST-088,2025-03-01,v3.0,8536431,0.99903,2480,32,15,low
CUST-088,2025-04-01,v3.0,7920278,0.99867,2273,40,7,low
CUST-088,2025-05-01,v3.1,7969955,0.99932,2094,33,18,low
CUST-088,2025-06-01,v3.1,10761061,0.99898,3185,61,23,low
CUST-088,2025-07-01,v3.1,10557944,0.99924,2860,48,14,low
CUST-088,2025-08-01,v3.1,10897254,0.99945,2938,23,4,low
CUST-088,2025-09-01,v3.2,9740222,0.99919,3722,26,9,low
CUST-088,2025-10-01,v3.2,10800656,0.99917,3554,71,19,low
CUST-088,2025-11-01,v3.2,10054422,0.99942,3521,24,4,low
CUST-088,2025-12-01,v3.2,9126859,0.9993,3377,56,2,low
CUST-089,2025-01-01,v3.0,2830593,0.99876,893,8,21,low
CUST-089,2025-02-01,v3.0,3044052,0.99966,896,6,2,low
CUST-089,2025-03-01,v3.0,3142005,0.99865,1207,22,6,low
CUST-089,2025-04-01,v3.0,3142098,0.99948,889,18,12,low
CUST-089,2025-05-01,v3.1,2826501,0.99887,769,16,23,low
CUST-089,2025-06-01,v3.1,3137135,0.99959,1153,17,5,low
CUST-089,2025-07-01,v3.1,2990786,0.99901,920,13,18,low
CUST-089,2025-08-01,v3.1,2940605,0.99995,1020,7,11,low
CUST-089,2025-09-01,v3.2,3422559,0.99965,1309,13,13,low
CUST-089,2025-10-01,v3.2,3457867,0.99901,1054,22,8,low
CUST-089,2025-11-01,v3.2,2836639,0.99926,884,16,22,low
CUST-089,2025-12-01,v3.2,3565337,0.99879,993,14,20,low
CUST-090,2025-01-01,v3.0,2656439,0.99948,686,7,24,low
CUST-090,2025-02-01,v3.0,2832464,0.99963,938,10,11,low
CUST-090,2025-03-01,v3.0,2626275,0.99921,947,8,3,low
CUST-090,2025-04-01,v3.0,2613442,0.99854,724,6,10,low
CUST-090,2025-05-01,v3.1,2390314,0.99988,902,7,7,low
CUST-090,2025-06-01,v3.1,2670811,0.99937,721,10,12,low
CUST-090,2025-07-01,v3.1,3018538,0.99894,1014,17,14,low
CUST-090,2025-08-01,v3.1,2445462,0.99959,766,17,8,low
CUST-090,2025-09-01,v3.2,3046381,0.99976,1153,19,10,low
CUST-090,2025-10-01,v3.2,3422007,0.99989,1289,9,2,low
CUST-090,2025-11-01,v3.2,3084070,0.99985,837,6,10,low
CUST-090,2025-12-01,v3.2,2905576,0.9992,972,11,4,low
CUST-091,2025-01-01,v3.0,2618705,0.99938,717,12,17,low
CUST-091,2025-02-01,v3.0,2604291,0.99864,872,12,4,low
CUST-091,2025-03-01,v3.0,3172591,0.99984,1050,11,4,low
CUST-091,2025-04-01,v3.0,3183107,0.99863,1080,12,19,low
CUST-091,2025-05-01,v3.1,2953833,0.99866,898,12,13,low
CUST-091,2025-06-01,v3.1,3267408,0.99981,990,18,18,low
CUST-091,2025-07-01,v3.1,2868079,0.99861,737,10,18,low
CUST-091,2025-08-01,v3.1,2432611,0.99879,692,13,16,low
CUST-091,2025-09-01,v3.2,2671412,0.99876,744,8,14,low
CUST-091,2025-10-01,v3.2,2990296,0.99943,1131,20,2,low
CUST-091,2025-11-01,v3.2,2606274,0.99867,781,9,14,low
CUST-091,2025-12-01,v3.2,3310154,0.99867,946,7,2,low
CUST-092,2025-01-01,v3.0,2568501,0.99875,731,7,23,low
CUST-092,2025-02-01,v3.0,2223977,0.99889,821,8,18,low
CUST-092,2025-03-01,v3.0,3012359,0.99959,923,6,10,low
CUST-092,2025-04-01,v3.0,2575234,0.99943,886,18,9,low
CUST-092,2025-05-01,v3.1,2397446,0.99982,684,13,23,low
CUST-092,2025-06-01,v3.1,2985428,0.99856,838,14,11,low
CUST-092,2025-07-01,v3.1,3254861,0.99966,1238,9,23,low
CUST-092,2025-08-01,v3.1,3033244,0.99957,1016,12,4,low
CUST-092,2025-09-01,v3.2,2906712,0.99912,972,10,14,low
CUST-092,2025-10-01,v3.2,2492425,0.99943,661,14,5,low
CUST-092,2025-11-01,v3.2,2527594,0.99874,854,8,22,low
CUST-092,2025-12-01,v3.2,2611927,0.99932,844,15,24,low
CUST-093,2025-01-01,v3.0,2163707,0.99931,651,11,16,low
CUST-093,2025-02-01,v3.0,3046220,0.99909,792,17,20,low
CUST-093,2025-03-01,v3.0,2756083,0.99922,1019,13,24,low
CUST-093,2025-04-01,v3.0,2507430,0.99993,670,13,23,low
CUST-093,2025-05-01,v3.1,2302718,0.99974,668,4,12,low
CUST-093,2025-06-01,v3.1,3124097,0.99916,1189,25,14,low
CUST-093,2025-07-01,v3.1,2672451,0.99981,988,18,12,low
CUST-093,2025-08-01,v3.1,2410827,0.99986,634,6,24,low
CUST-093,2025-09-01,v3.2,3010394,0.99875,884,12,1,low
CUST-093,2025-10-01,v3.2,2676102,0.99983,749,12,17,low
CUST-093,2025-11-01,v3.2,3239870,0.99859,1021,16,3,low
CUST-093,2025-12-01,v3.2,3126962,0.99893,1142,12,8,low
CUST-094,2025-01-01,v3.0,2255616,0.9986,842,13,10,low
CUST-094,2025-02-01,v3.0,2183575,0.99886,708,9,12,low
CUST-094,2025-03-01,v3.0,3165711,0.99878,912,9,14,low
CUST-094,2025-04-01,v3.0,2691083,0.99921,816,12,21,low
CUST-094,2025-05-01,v3.1,2325334,0.99938,608,10,23,low
CUST-094,2025-06-01,v3.1,3229015,0.9993,1191,12,22,low
CUST-094,2025-07-01,v3.1,3145110,0.99866,1059,17,9,low
CUST-094,2025-08-01,v3.1,3346536,0.99887,993,15,19,low
CUST-094,2025-09-01,v3.2,2937660,0.99946,903,7,11,low
CUST-094,2025-10-01,v3.2,3487790,0.99871,1163,8,11,low
CUST-094,2025-11-01,v3.2,3187579,0.99976,1097,18,2,low
CUST-094,2025-12-01,v3.2,2563183,0.99924,951,16,13,low
CUST-095,2025-01-01,v3.0,2637497,0.99966,710,15,6,low
CUST-095,2025-02-01,v3.0,2731128,0.99923,838,14,23,low
CUST-095,2025-03-01,v3.0,2995486,0.99917,852,10,11,low
CUST-095,2025-04-01,v3.0,2976214,0.99921,1074,17,8,low
CUST-095,2025-05-01,v3.1,3034667,0.99927,809,7,23,low
CUST-095,2025-06-01,v3.1,3242120,0.99911,934,13,10,low
CUST-095,2025-07-01,v3.1,2859226,0.99897,737,8,18,low
CUST-095,2025-08-01,v3.1,3152911,0.99929,958,14,8,low
CUST-095,2025-09-01,v3.2,3375996,0.9995,1029,14,24,low
CUST-095,2025-10-01,v3.2,2484463,0.99904,716,9,17,low
CUST-095,2025-11-01,v3.2,3102396,0.99927,937,18,3,low
CUST-095,2025-12-01,v3.2,3046462,0.99852,1109,7,14,low
CUST-096,2025-01-01,v3.0,2139561,0.99904,746,12,10,low
CUST-096,2025-02-01,v3.0,3067192,0.99949,859,18,15,low
CUST-096,2025-03-01,v3.0,2643382,0.99926,770,6,24,low
CUST-096,2025-04-01,v3.0,2717874,0.99875,794,12,5,low
CUST-096,2025-05-01,v3.1,3048882,0.99928,1115,20,19,low
CUST-096,2025-06-01,v3.1,3274935,0.99941,1146,10,23,low
CUST-096,2025-07-01,v3.1,3240204,0.99895,874,19,16,low
CUST-096,2025-08-01,v3.1,3114365,0.99898,985,11,16,low
CUST-096,2025-09-01,v3.2,2659465,0.99922,814,12,12,low
CUST-096,2025-10-01,v3.2,2705275,0.99854,731,12,19,low
CUST-096,2025-11-01,v3.2,2578191,0.99879,862,11,22,low
CUST-096,2025-12-01,v3.2,2742125,0.99941,985,10,2,low
CUST-097,2025-01-01,v3.0,2661030,0.99867,961,18,21,low
CUST-097,2025-02-01,v3.0,2961703,0.99861,1028,21,10,low
CUST-097,2025-03-01,v3.0,2767566,0.99905,761,15,1,low
CUST-097,2025-04-01,v3.0,2802937,0.99957,915,7,15,low
CUST-097,2025-05-01,v3.1,3109853,0.99868,847,13,6,low
CUST-097,2025-06-01,v3.1,3271502,0.99968,1045,19,7,low
CUST-097,2025-07-01,v3.1,3113172,0.99854,874,15,17,low
CUST-097,2025-08-01,v3.1,2953783,0.99968,1076,9,24,low
CUST-097,2025-09-01,v3.2,2507493,0.99949,956,6,10,low
CUST-097,2025-10-01,v3.2,2624847,0.99904,883,8,24,low
CUST-097,2025-11-01,v3.2,2889705,0.99882,1020,10,12,low
CUST-097,2025-12-01,v3.2,2695133,0.99878,772,12,20,low
CUST-098,2025-01-01,v3.0,2317131,0.99977,632,5,9,low
CUST-098,2025-02-01,v3.0,2916812,0.99938,779,9,9,low
CUST-098,2025-03-01,v3.0,2364891,0.99963,763,16,17,low
CUST-098,2025-04-01,v3.0,2706661,0.99991,805,9,8,low
CUST-098,2025-05-01,v3.1,2677554,0.9985,734,7,12,low
CUST-098,2025-06-01,v3.1,3116589,0.99964,976,12,1,low
CUST-098,2025-07-01,v3.1,2888235,0.99926,1027,21,12,low
CUST-098,2025-08-01,v3.1,3359645,0.99902,1235,21,16,low
CUST-098,2025-09-01,v3.2,3022663,0.99926,849,9,24,low
CUST-098,2025-10-01,v3.2,2747764,0.99944,772,12,8,low
CUST-098,2025-11-01,v3.2,2989358,0.99936,829,16,19,low
CUST-098,2025-12-01,v3.2,3099850,0.99858,1145,18,2,low
CUST-099,2025-01-01,v3.0,2652542,0.99969,803,9,19,low
CUST-099,2025-02-01,v3.0,3113327,0.99854,815,16,24,low
CUST-099,2025-03-01,v3.0,2245939,0.99905,713,7,14,low
CUST-099,2025-04-01,v3.0,2650109,0.99903,980,15,21,low
CUST-099,2025-05-01,v3.1,2347560,0.99896,692,6,15,low
CUST-099,2025-06-01,v3.1,3330448,0.99975,1027,10,14,low
CUST-099,2025-07-01,v3.1,2950850,0.99924,857,10,2,low
CUST-099,2025-08-01,v3.1,3247955,0.99871,1073,13,1,low
CUST-099,2025-09-01,v3.2,3123533,0.99952,939,19,2,low
CUST-099,2025-10-01,v3.2,3000897,0.99949,996,21,17,low
CUST-099,2025-11-01,v3.2,2974748,0.9999,1121,16,3,low
CUST-099,2025-12-01,v3.2,3272850,0.99878,934,8,21,low
CUST-100,2025-01-01,v3.0,2561800,0.99862,835,7,22,low
CUST-100,2025-02-01,v3.0,2636071,0.99896,845,8,1,low
CUST-100,2025-03-01,v3.0,2759029,0.99955,948,10,18,low
CUST-100,2025-04-01,v3.0,3044884,0.99974,904,14,3,low
CUST-100,2025-05-01,v3.1,2815710,0.99988,820,10,19,low
CUST-100,2025-06-01,v3.1,3043601,0.99855,1112,23,22,low
CUST-100,2025-07-01,v3.1,2410481,0.99916,704,12,23,low
CUST-100,2025-08-01,v3.1,2801405,0.99907,777,11,23,low
CUST-100,2025-09-01,v3.2,2994950,0.99931,768,6,13,low
CUST-100,2025-10-01,v3.2,2597790,0.99876,861,14,19,low
CUST-100,2025-11-01,v3.2,3473036,0.9997,910,8,10,low
CUST-100,2025-12-01,v3.2,3473921,0.9991,1292,9,12,low
